workerid,firstutterance,predicate,noun,response,nounclass,slide_number,class,test1,dialect,test3,lived,language,enjoyment,gender,age,describe,comments,years,proficiency,otherDialect,asses,test2,education,dominantLanguage,homeLanguage,OS,screenH,screenW,Browser,hitid,hittypeid,title,description,keywords,reward,creationtime,assignments,numavailable,numpending,numcomplete,hitstatus,reviewstatus,annotation,assignmentduration,autoapprovaldelay,hitlifetime,viewhit,assignmentid,workerid,assignmentstatus,autoapprovaltime,assignmentaccepttime,assignmentsubmittime,assignmentapprovaltime,assignmentrejecttime,deadline,feedback,reject,Answer.catch_trials,Answer.time_in_minutes
0,ليس,huge,TV,0.94,furniture,3,size,correct,gulf,incorrect,both,,0,Male,28,arabic-english,no,never,intermediate,,Yes,incorrect,1,english,english,Windows,800,1280,Chrome,37YYO3NWHDLPA4QAA9J8BGXEGA0CC2,3FJMTJX97OKWRZTTAWFV40863PH6A9,حوارات عربية ,الإجابة عن أسئلة حول عبارات وصفية.,عربية لغة علم جامعة arabic تجربة,$0.50,Mon Mar 11 15:26:38 PDT 2019,9,6,0,2,Assignable,NotReviewed,1 cond,1800,60000,Wed Apr 10 15:26:38 PDT 2019,https://requester.mturk.com/mturk/manageHIT?HITId=37YYO3NWHDLPA4QAA9J8BGXEGA0CC2,3W92K5RLWVD3XCLODIW7CLBHLAIV5F,0,Approved,Tue Mar 12 11:04:37 PDT 2019,Mon Mar 11 18:21:50 PDT 2019,Mon Mar 11 18:24:37 PDT 2019,Tue Mar 12 11:05:33 PDT 2019,,,,,[],2.3610166666666665
0,ليس,fresh,cheese,0.94,food,4,age,correct,gulf,incorrect,both,,0,Male,28,arabic-english,no,never,intermediate,,Yes,incorrect,1,english,english,Windows,800,1280,Chrome,37YYO3NWHDLPA4QAA9J8BGXEGA0CC2,3FJMTJX97OKWRZTTAWFV40863PH6A9,حوارات عربية ,الإجابة عن أسئلة حول عبارات وصفية.,عربية لغة علم جامعة arabic تجربة,$0.50,Mon Mar 11 15:26:38 PDT 2019,9,6,0,2,Assignable,NotReviewed,1 cond,1800,60000,Wed Apr 10 15:26:38 PDT 2019,https://requester.mturk.com/mturk/manageHIT?HITId=37YYO3NWHDLPA4QAA9J8BGXEGA0CC2,3W92K5RLWVD3XCLODIW7CLBHLAIV5F,0,Approved,Tue Mar 12 11:04:37 PDT 2019,Mon Mar 11 18:21:50 PDT 2019,Mon Mar 11 18:24:37 PDT 2019,Tue Mar 12 11:05:33 PDT 2019,,,,,[],2.3610166666666665
0,,green,TV,0.95,furniture,5,color,correct,gulf,incorrect,both,,0,Male,28,arabic-english,no,never,intermediate,,Yes,incorrect,1,english,english,Windows,800,1280,Chrome,37YYO3NWHDLPA4QAA9J8BGXEGA0CC2,3FJMTJX97OKWRZTTAWFV40863PH6A9,حوارات عربية ,الإجابة عن أسئلة حول عبارات وصفية.,عربية لغة علم جامعة arabic تجربة,$0.50,Mon Mar 11 15:26:38 PDT 2019,9,6,0,2,Assignable,NotReviewed,1 cond,1800,60000,Wed Apr 10 15:26:38 PDT 2019,https://requester.mturk.com/mturk/manageHIT?HITId=37YYO3NWHDLPA4QAA9J8BGXEGA0CC2,3W92K5RLWVD3XCLODIW7CLBHLAIV5F,0,Approved,Tue Mar 12 11:04:37 PDT 2019,Mon Mar 11 18:21:50 PDT 2019,Mon Mar 11 18:24:37 PDT 2019,Tue Mar 12 11:05:33 PDT 2019,,,,,[],2.3610166666666665
0,,short,fan,0.93,furniture,6,size,correct,gulf,incorrect,both,,0,Male,28,arabic-english,no,never,intermediate,,Yes,incorrect,1,english,english,Windows,800,1280,Chrome,37YYO3NWHDLPA4QAA9J8BGXEGA0CC2,3FJMTJX97OKWRZTTAWFV40863PH6A9,حوارات عربية ,الإجابة عن أسئلة حول عبارات وصفية.,عربية لغة علم جامعة arabic تجربة,$0.50,Mon Mar 11 15:26:38 PDT 2019,9,6,0,2,Assignable,NotReviewed,1 cond,1800,60000,Wed Apr 10 15:26:38 PDT 2019,https://requester.mturk.com/mturk/manageHIT?HITId=37YYO3NWHDLPA4QAA9J8BGXEGA0CC2,3W92K5RLWVD3XCLODIW7CLBHLAIV5F,0,Approved,Tue Mar 12 11:04:37 PDT 2019,Mon Mar 11 18:21:50 PDT 2019,Mon Mar 11 18:24:37 PDT 2019,Tue Mar 12 11:05:33 PDT 2019,,,,,[],2.3610166666666665
0,,wooden,TV,0.92,furniture,7,material,correct,gulf,incorrect,both,,0,Male,28,arabic-english,no,never,intermediate,,Yes,incorrect,1,english,english,Windows,800,1280,Chrome,37YYO3NWHDLPA4QAA9J8BGXEGA0CC2,3FJMTJX97OKWRZTTAWFV40863PH6A9,حوارات عربية ,الإجابة عن أسئلة حول عبارات وصفية.,عربية لغة علم جامعة arabic تجربة,$0.50,Mon Mar 11 15:26:38 PDT 2019,9,6,0,2,Assignable,NotReviewed,1 cond,1800,60000,Wed Apr 10 15:26:38 PDT 2019,https://requester.mturk.com/mturk/manageHIT?HITId=37YYO3NWHDLPA4QAA9J8BGXEGA0CC2,3W92K5RLWVD3XCLODIW7CLBHLAIV5F,0,Approved,Tue Mar 12 11:04:37 PDT 2019,Mon Mar 11 18:21:50 PDT 2019,Mon Mar 11 18:24:37 PDT 2019,Tue Mar 12 11:05:33 PDT 2019,,,,,[],2.3610166666666665
0,ليست,soft,carrot,0.94,food,8,texture,correct,gulf,incorrect,both,,0,Male,28,arabic-english,no,never,intermediate,,Yes,incorrect,1,english,english,Windows,800,1280,Chrome,37YYO3NWHDLPA4QAA9J8BGXEGA0CC2,3FJMTJX97OKWRZTTAWFV40863PH6A9,حوارات عربية ,الإجابة عن أسئلة حول عبارات وصفية.,عربية لغة علم جامعة arabic تجربة,$0.50,Mon Mar 11 15:26:38 PDT 2019,9,6,0,2,Assignable,NotReviewed,1 cond,1800,60000,Wed Apr 10 15:26:38 PDT 2019,https://requester.mturk.com/mturk/manageHIT?HITId=37YYO3NWHDLPA4QAA9J8BGXEGA0CC2,3W92K5RLWVD3XCLODIW7CLBHLAIV5F,0,Approved,Tue Mar 12 11:04:37 PDT 2019,Mon Mar 11 18:21:50 PDT 2019,Mon Mar 11 18:24:37 PDT 2019,Tue Mar 12 11:05:33 PDT 2019,,,,,[],2.3610166666666665
0,ليست,new,couch,0.91,furniture,9,age,correct,gulf,incorrect,both,,0,Male,28,arabic-english,no,never,intermediate,,Yes,incorrect,1,english,english,Windows,800,1280,Chrome,37YYO3NWHDLPA4QAA9J8BGXEGA0CC2,3FJMTJX97OKWRZTTAWFV40863PH6A9,حوارات عربية ,الإجابة عن أسئلة حول عبارات وصفية.,عربية لغة علم جامعة arabic تجربة,$0.50,Mon Mar 11 15:26:38 PDT 2019,9,6,0,2,Assignable,NotReviewed,1 cond,1800,60000,Wed Apr 10 15:26:38 PDT 2019,https://requester.mturk.com/mturk/manageHIT?HITId=37YYO3NWHDLPA4QAA9J8BGXEGA0CC2,3W92K5RLWVD3XCLODIW7CLBHLAIV5F,0,Approved,Tue Mar 12 11:04:37 PDT 2019,Mon Mar 11 18:21:50 PDT 2019,Mon Mar 11 18:24:37 PDT 2019,Tue Mar 12 11:05:33 PDT 2019,,,,,[],2.3610166666666665
0,ليس,rotten,desk,0.94,furniture,10,age,correct,gulf,incorrect,both,,0,Male,28,arabic-english,no,never,intermediate,,Yes,incorrect,1,english,english,Windows,800,1280,Chrome,37YYO3NWHDLPA4QAA9J8BGXEGA0CC2,3FJMTJX97OKWRZTTAWFV40863PH6A9,حوارات عربية ,الإجابة عن أسئلة حول عبارات وصفية.,عربية لغة علم جامعة arabic تجربة,$0.50,Mon Mar 11 15:26:38 PDT 2019,9,6,0,2,Assignable,NotReviewed,1 cond,1800,60000,Wed Apr 10 15:26:38 PDT 2019,https://requester.mturk.com/mturk/manageHIT?HITId=37YYO3NWHDLPA4QAA9J8BGXEGA0CC2,3W92K5RLWVD3XCLODIW7CLBHLAIV5F,0,Approved,Tue Mar 12 11:04:37 PDT 2019,Mon Mar 11 18:21:50 PDT 2019,Mon Mar 11 18:24:37 PDT 2019,Tue Mar 12 11:05:33 PDT 2019,,,,,[],2.3610166666666665
0,,purple,chair,1,furniture,11,color,correct,gulf,incorrect,both,,0,Male,28,arabic-english,no,never,intermediate,,Yes,incorrect,1,english,english,Windows,800,1280,Chrome,37YYO3NWHDLPA4QAA9J8BGXEGA0CC2,3FJMTJX97OKWRZTTAWFV40863PH6A9,حوارات عربية ,الإجابة عن أسئلة حول عبارات وصفية.,عربية لغة علم جامعة arabic تجربة,$0.50,Mon Mar 11 15:26:38 PDT 2019,9,6,0,2,Assignable,NotReviewed,1 cond,1800,60000,Wed Apr 10 15:26:38 PDT 2019,https://requester.mturk.com/mturk/manageHIT?HITId=37YYO3NWHDLPA4QAA9J8BGXEGA0CC2,3W92K5RLWVD3XCLODIW7CLBHLAIV5F,0,Approved,Tue Mar 12 11:04:37 PDT 2019,Mon Mar 11 18:21:50 PDT 2019,Mon Mar 11 18:24:37 PDT 2019,Tue Mar 12 11:05:33 PDT 2019,,,,,[],2.3610166666666665
0,,old,cheese,0.94,food,12,age,correct,gulf,incorrect,both,,0,Male,28,arabic-english,no,never,intermediate,,Yes,incorrect,1,english,english,Windows,800,1280,Chrome,37YYO3NWHDLPA4QAA9J8BGXEGA0CC2,3FJMTJX97OKWRZTTAWFV40863PH6A9,حوارات عربية ,الإجابة عن أسئلة حول عبارات وصفية.,عربية لغة علم جامعة arabic تجربة,$0.50,Mon Mar 11 15:26:38 PDT 2019,9,6,0,2,Assignable,NotReviewed,1 cond,1800,60000,Wed Apr 10 15:26:38 PDT 2019,https://requester.mturk.com/mturk/manageHIT?HITId=37YYO3NWHDLPA4QAA9J8BGXEGA0CC2,3W92K5RLWVD3XCLODIW7CLBHLAIV5F,0,Approved,Tue Mar 12 11:04:37 PDT 2019,Mon Mar 11 18:21:50 PDT 2019,Mon Mar 11 18:24:37 PDT 2019,Tue Mar 12 11:05:33 PDT 2019,,,,,[],2.3610166666666665
0,,square,apple,0.97,food,13,shape,correct,gulf,incorrect,both,,0,Male,28,arabic-english,no,never,intermediate,,Yes,incorrect,1,english,english,Windows,800,1280,Chrome,37YYO3NWHDLPA4QAA9J8BGXEGA0CC2,3FJMTJX97OKWRZTTAWFV40863PH6A9,حوارات عربية ,الإجابة عن أسئلة حول عبارات وصفية.,عربية لغة علم جامعة arabic تجربة,$0.50,Mon Mar 11 15:26:38 PDT 2019,9,6,0,2,Assignable,NotReviewed,1 cond,1800,60000,Wed Apr 10 15:26:38 PDT 2019,https://requester.mturk.com/mturk/manageHIT?HITId=37YYO3NWHDLPA4QAA9J8BGXEGA0CC2,3W92K5RLWVD3XCLODIW7CLBHLAIV5F,0,Approved,Tue Mar 12 11:04:37 PDT 2019,Mon Mar 11 18:21:50 PDT 2019,Mon Mar 11 18:24:37 PDT 2019,Tue Mar 12 11:05:33 PDT 2019,,,,,[],2.3610166666666665
0,,good,tomato,0.89,food,14,quality,correct,gulf,incorrect,both,,0,Male,28,arabic-english,no,never,intermediate,,Yes,incorrect,1,english,english,Windows,800,1280,Chrome,37YYO3NWHDLPA4QAA9J8BGXEGA0CC2,3FJMTJX97OKWRZTTAWFV40863PH6A9,حوارات عربية ,الإجابة عن أسئلة حول عبارات وصفية.,عربية لغة علم جامعة arabic تجربة,$0.50,Mon Mar 11 15:26:38 PDT 2019,9,6,0,2,Assignable,NotReviewed,1 cond,1800,60000,Wed Apr 10 15:26:38 PDT 2019,https://requester.mturk.com/mturk/manageHIT?HITId=37YYO3NWHDLPA4QAA9J8BGXEGA0CC2,3W92K5RLWVD3XCLODIW7CLBHLAIV5F,0,Approved,Tue Mar 12 11:04:37 PDT 2019,Mon Mar 11 18:21:50 PDT 2019,Mon Mar 11 18:24:37 PDT 2019,Tue Mar 12 11:05:33 PDT 2019,,,,,[],2.3610166666666665
0,,long,banana,0.66,food,15,size,correct,gulf,incorrect,both,,0,Male,28,arabic-english,no,never,intermediate,,Yes,incorrect,1,english,english,Windows,800,1280,Chrome,37YYO3NWHDLPA4QAA9J8BGXEGA0CC2,3FJMTJX97OKWRZTTAWFV40863PH6A9,حوارات عربية ,الإجابة عن أسئلة حول عبارات وصفية.,عربية لغة علم جامعة arabic تجربة,$0.50,Mon Mar 11 15:26:38 PDT 2019,9,6,0,2,Assignable,NotReviewed,1 cond,1800,60000,Wed Apr 10 15:26:38 PDT 2019,https://requester.mturk.com/mturk/manageHIT?HITId=37YYO3NWHDLPA4QAA9J8BGXEGA0CC2,3W92K5RLWVD3XCLODIW7CLBHLAIV5F,0,Approved,Tue Mar 12 11:04:37 PDT 2019,Mon Mar 11 18:21:50 PDT 2019,Mon Mar 11 18:24:37 PDT 2019,Tue Mar 12 11:05:33 PDT 2019,,,,,[],2.3610166666666665
0,ليس,red,TV,0.21,furniture,16,color,correct,gulf,incorrect,both,,0,Male,28,arabic-english,no,never,intermediate,,Yes,incorrect,1,english,english,Windows,800,1280,Chrome,37YYO3NWHDLPA4QAA9J8BGXEGA0CC2,3FJMTJX97OKWRZTTAWFV40863PH6A9,حوارات عربية ,الإجابة عن أسئلة حول عبارات وصفية.,عربية لغة علم جامعة arabic تجربة,$0.50,Mon Mar 11 15:26:38 PDT 2019,9,6,0,2,Assignable,NotReviewed,1 cond,1800,60000,Wed Apr 10 15:26:38 PDT 2019,https://requester.mturk.com/mturk/manageHIT?HITId=37YYO3NWHDLPA4QAA9J8BGXEGA0CC2,3W92K5RLWVD3XCLODIW7CLBHLAIV5F,0,Approved,Tue Mar 12 11:04:37 PDT 2019,Mon Mar 11 18:21:50 PDT 2019,Mon Mar 11 18:24:37 PDT 2019,Tue Mar 12 11:05:33 PDT 2019,,,,,[],2.3610166666666665
0,ليس,small,desk,0.68,furniture,17,size,correct,gulf,incorrect,both,,0,Male,28,arabic-english,no,never,intermediate,,Yes,incorrect,1,english,english,Windows,800,1280,Chrome,37YYO3NWHDLPA4QAA9J8BGXEGA0CC2,3FJMTJX97OKWRZTTAWFV40863PH6A9,حوارات عربية ,الإجابة عن أسئلة حول عبارات وصفية.,عربية لغة علم جامعة arabic تجربة,$0.50,Mon Mar 11 15:26:38 PDT 2019,9,6,0,2,Assignable,NotReviewed,1 cond,1800,60000,Wed Apr 10 15:26:38 PDT 2019,https://requester.mturk.com/mturk/manageHIT?HITId=37YYO3NWHDLPA4QAA9J8BGXEGA0CC2,3W92K5RLWVD3XCLODIW7CLBHLAIV5F,0,Approved,Tue Mar 12 11:04:37 PDT 2019,Mon Mar 11 18:21:50 PDT 2019,Mon Mar 11 18:24:37 PDT 2019,Tue Mar 12 11:05:33 PDT 2019,,,,,[],2.3610166666666665
0,ليس,plastic,chair,0.67,furniture,18,material,correct,gulf,incorrect,both,,0,Male,28,arabic-english,no,never,intermediate,,Yes,incorrect,1,english,english,Windows,800,1280,Chrome,37YYO3NWHDLPA4QAA9J8BGXEGA0CC2,3FJMTJX97OKWRZTTAWFV40863PH6A9,حوارات عربية ,الإجابة عن أسئلة حول عبارات وصفية.,عربية لغة علم جامعة arabic تجربة,$0.50,Mon Mar 11 15:26:38 PDT 2019,9,6,0,2,Assignable,NotReviewed,1 cond,1800,60000,Wed Apr 10 15:26:38 PDT 2019,https://requester.mturk.com/mturk/manageHIT?HITId=37YYO3NWHDLPA4QAA9J8BGXEGA0CC2,3W92K5RLWVD3XCLODIW7CLBHLAIV5F,0,Approved,Tue Mar 12 11:04:37 PDT 2019,Mon Mar 11 18:21:50 PDT 2019,Mon Mar 11 18:24:37 PDT 2019,Tue Mar 12 11:05:33 PDT 2019,,,,,[],2.3610166666666665
0,ليست,blue,tomato,0.63,food,19,color,correct,gulf,incorrect,both,,0,Male,28,arabic-english,no,never,intermediate,,Yes,incorrect,1,english,english,Windows,800,1280,Chrome,37YYO3NWHDLPA4QAA9J8BGXEGA0CC2,3FJMTJX97OKWRZTTAWFV40863PH6A9,حوارات عربية ,الإجابة عن أسئلة حول عبارات وصفية.,عربية لغة علم جامعة arabic تجربة,$0.50,Mon Mar 11 15:26:38 PDT 2019,9,6,0,2,Assignable,NotReviewed,1 cond,1800,60000,Wed Apr 10 15:26:38 PDT 2019,https://requester.mturk.com/mturk/manageHIT?HITId=37YYO3NWHDLPA4QAA9J8BGXEGA0CC2,3W92K5RLWVD3XCLODIW7CLBHLAIV5F,0,Approved,Tue Mar 12 11:04:37 PDT 2019,Mon Mar 11 18:21:50 PDT 2019,Mon Mar 11 18:24:37 PDT 2019,Tue Mar 12 11:05:33 PDT 2019,,,,,[],2.3610166666666665
0,,bad,banana,0.82,food,20,quality,correct,gulf,incorrect,both,,0,Male,28,arabic-english,no,never,intermediate,,Yes,incorrect,1,english,english,Windows,800,1280,Chrome,37YYO3NWHDLPA4QAA9J8BGXEGA0CC2,3FJMTJX97OKWRZTTAWFV40863PH6A9,حوارات عربية ,الإجابة عن أسئلة حول عبارات وصفية.,عربية لغة علم جامعة arabic تجربة,$0.50,Mon Mar 11 15:26:38 PDT 2019,9,6,0,2,Assignable,NotReviewed,1 cond,1800,60000,Wed Apr 10 15:26:38 PDT 2019,https://requester.mturk.com/mturk/manageHIT?HITId=37YYO3NWHDLPA4QAA9J8BGXEGA0CC2,3W92K5RLWVD3XCLODIW7CLBHLAIV5F,0,Approved,Tue Mar 12 11:04:37 PDT 2019,Mon Mar 11 18:21:50 PDT 2019,Mon Mar 11 18:24:37 PDT 2019,Tue Mar 12 11:05:33 PDT 2019,,,,,[],2.3610166666666665
0,,brown,tomato,0.85,food,21,color,correct,gulf,incorrect,both,,0,Male,28,arabic-english,no,never,intermediate,,Yes,incorrect,1,english,english,Windows,800,1280,Chrome,37YYO3NWHDLPA4QAA9J8BGXEGA0CC2,3FJMTJX97OKWRZTTAWFV40863PH6A9,حوارات عربية ,الإجابة عن أسئلة حول عبارات وصفية.,عربية لغة علم جامعة arabic تجربة,$0.50,Mon Mar 11 15:26:38 PDT 2019,9,6,0,2,Assignable,NotReviewed,1 cond,1800,60000,Wed Apr 10 15:26:38 PDT 2019,https://requester.mturk.com/mturk/manageHIT?HITId=37YYO3NWHDLPA4QAA9J8BGXEGA0CC2,3W92K5RLWVD3XCLODIW7CLBHLAIV5F,0,Approved,Tue Mar 12 11:04:37 PDT 2019,Mon Mar 11 18:21:50 PDT 2019,Mon Mar 11 18:24:37 PDT 2019,Tue Mar 12 11:05:33 PDT 2019,,,,,[],2.3610166666666665
0,,smooth,tomato,0.8,food,22,texture,correct,gulf,incorrect,both,,0,Male,28,arabic-english,no,never,intermediate,,Yes,incorrect,1,english,english,Windows,800,1280,Chrome,37YYO3NWHDLPA4QAA9J8BGXEGA0CC2,3FJMTJX97OKWRZTTAWFV40863PH6A9,حوارات عربية ,الإجابة عن أسئلة حول عبارات وصفية.,عربية لغة علم جامعة arabic تجربة,$0.50,Mon Mar 11 15:26:38 PDT 2019,9,6,0,2,Assignable,NotReviewed,1 cond,1800,60000,Wed Apr 10 15:26:38 PDT 2019,https://requester.mturk.com/mturk/manageHIT?HITId=37YYO3NWHDLPA4QAA9J8BGXEGA0CC2,3W92K5RLWVD3XCLODIW7CLBHLAIV5F,0,Approved,Tue Mar 12 11:04:37 PDT 2019,Mon Mar 11 18:21:50 PDT 2019,Mon Mar 11 18:24:37 PDT 2019,Tue Mar 12 11:05:33 PDT 2019,,,,,[],2.3610166666666665
0,ليست,hard,carrot,0.74,food,23,texture,correct,gulf,incorrect,both,,0,Male,28,arabic-english,no,never,intermediate,,Yes,incorrect,1,english,english,Windows,800,1280,Chrome,37YYO3NWHDLPA4QAA9J8BGXEGA0CC2,3FJMTJX97OKWRZTTAWFV40863PH6A9,حوارات عربية ,الإجابة عن أسئلة حول عبارات وصفية.,عربية لغة علم جامعة arabic تجربة,$0.50,Mon Mar 11 15:26:38 PDT 2019,9,6,0,2,Assignable,NotReviewed,1 cond,1800,60000,Wed Apr 10 15:26:38 PDT 2019,https://requester.mturk.com/mturk/manageHIT?HITId=37YYO3NWHDLPA4QAA9J8BGXEGA0CC2,3W92K5RLWVD3XCLODIW7CLBHLAIV5F,0,Approved,Tue Mar 12 11:04:37 PDT 2019,Mon Mar 11 18:21:50 PDT 2019,Mon Mar 11 18:24:37 PDT 2019,Tue Mar 12 11:05:33 PDT 2019,,,,,[],2.3610166666666665
0,,round,TV,0.4,furniture,24,shape,correct,gulf,incorrect,both,,0,Male,28,arabic-english,no,never,intermediate,,Yes,incorrect,1,english,english,Windows,800,1280,Chrome,37YYO3NWHDLPA4QAA9J8BGXEGA0CC2,3FJMTJX97OKWRZTTAWFV40863PH6A9,حوارات عربية ,الإجابة عن أسئلة حول عبارات وصفية.,عربية لغة علم جامعة arabic تجربة,$0.50,Mon Mar 11 15:26:38 PDT 2019,9,6,0,2,Assignable,NotReviewed,1 cond,1800,60000,Wed Apr 10 15:26:38 PDT 2019,https://requester.mturk.com/mturk/manageHIT?HITId=37YYO3NWHDLPA4QAA9J8BGXEGA0CC2,3W92K5RLWVD3XCLODIW7CLBHLAIV5F,0,Approved,Tue Mar 12 11:04:37 PDT 2019,Mon Mar 11 18:21:50 PDT 2019,Mon Mar 11 18:24:37 PDT 2019,Tue Mar 12 11:05:33 PDT 2019,,,,,[],2.3610166666666665
0,,yellow,TV,0.47,furniture,25,color,correct,gulf,incorrect,both,,0,Male,28,arabic-english,no,never,intermediate,,Yes,incorrect,1,english,english,Windows,800,1280,Chrome,37YYO3NWHDLPA4QAA9J8BGXEGA0CC2,3FJMTJX97OKWRZTTAWFV40863PH6A9,حوارات عربية ,الإجابة عن أسئلة حول عبارات وصفية.,عربية لغة علم جامعة arabic تجربة,$0.50,Mon Mar 11 15:26:38 PDT 2019,9,6,0,2,Assignable,NotReviewed,1 cond,1800,60000,Wed Apr 10 15:26:38 PDT 2019,https://requester.mturk.com/mturk/manageHIT?HITId=37YYO3NWHDLPA4QAA9J8BGXEGA0CC2,3W92K5RLWVD3XCLODIW7CLBHLAIV5F,0,Approved,Tue Mar 12 11:04:37 PDT 2019,Mon Mar 11 18:21:50 PDT 2019,Mon Mar 11 18:24:37 PDT 2019,Tue Mar 12 11:05:33 PDT 2019,,,,,[],2.3610166666666665
0,ليست,big,apple,0.3,food,26,size,correct,gulf,incorrect,both,,0,Male,28,arabic-english,no,never,intermediate,,Yes,incorrect,1,english,english,Windows,800,1280,Chrome,37YYO3NWHDLPA4QAA9J8BGXEGA0CC2,3FJMTJX97OKWRZTTAWFV40863PH6A9,حوارات عربية ,الإجابة عن أسئلة حول عبارات وصفية.,عربية لغة علم جامعة arabic تجربة,$0.50,Mon Mar 11 15:26:38 PDT 2019,9,6,0,2,Assignable,NotReviewed,1 cond,1800,60000,Wed Apr 10 15:26:38 PDT 2019,https://requester.mturk.com/mturk/manageHIT?HITId=37YYO3NWHDLPA4QAA9J8BGXEGA0CC2,3W92K5RLWVD3XCLODIW7CLBHLAIV5F,0,Approved,Tue Mar 12 11:04:37 PDT 2019,Mon Mar 11 18:21:50 PDT 2019,Mon Mar 11 18:24:37 PDT 2019,Tue Mar 12 11:05:33 PDT 2019,,,,,[],2.3610166666666665
0,,metal,tomato,0.54,food,27,material,correct,gulf,incorrect,both,,0,Male,28,arabic-english,no,never,intermediate,,Yes,incorrect,1,english,english,Windows,800,1280,Chrome,37YYO3NWHDLPA4QAA9J8BGXEGA0CC2,3FJMTJX97OKWRZTTAWFV40863PH6A9,حوارات عربية ,الإجابة عن أسئلة حول عبارات وصفية.,عربية لغة علم جامعة arabic تجربة,$0.50,Mon Mar 11 15:26:38 PDT 2019,9,6,0,2,Assignable,NotReviewed,1 cond,1800,60000,Wed Apr 10 15:26:38 PDT 2019,https://requester.mturk.com/mturk/manageHIT?HITId=37YYO3NWHDLPA4QAA9J8BGXEGA0CC2,3W92K5RLWVD3XCLODIW7CLBHLAIV5F,0,Approved,Tue Mar 12 11:04:37 PDT 2019,Mon Mar 11 18:21:50 PDT 2019,Mon Mar 11 18:24:37 PDT 2019,Tue Mar 12 11:05:33 PDT 2019,,,,,[],2.3610166666666665
1,,green,tomato,0.42,food,3,color,incorrect,iraqi,correct,both,fdsf,0,Female,RSFGSD,english-arabic,No,1,advanced,sdgsd,NA,incorrect,1,other,other,Windows,864,1536,Chrome,37YYO3NWHDLPA4QAA9J8BGXEGA0CC2,3FJMTJX97OKWRZTTAWFV40863PH6A9,حوارات عربية ,الإجابة عن أسئلة حول عبارات وصفية.,عربية لغة علم جامعة arabic تجربة,$0.50,Mon Mar 11 15:26:38 PDT 2019,9,6,0,2,Assignable,NotReviewed,1 cond,1800,60000,Wed Apr 10 15:26:38 PDT 2019,https://requester.mturk.com/mturk/manageHIT?HITId=37YYO3NWHDLPA4QAA9J8BGXEGA0CC2,32SVAV9L3G5GR9VMO4HI11ZKM7HA30,1,Approved,Wed Mar 13 05:02:48 PDT 2019,Tue Mar 12 12:21:33 PDT 2019,Tue Mar 12 12:22:48 PDT 2019,Wed Mar 13 05:03:34 PDT 2019,,,,,[],1.11725
1,,hard,chair,0.56,furniture,4,texture,incorrect,iraqi,correct,both,fdsf,0,Female,RSFGSD,english-arabic,No,1,advanced,sdgsd,NA,incorrect,1,other,other,Windows,864,1536,Chrome,37YYO3NWHDLPA4QAA9J8BGXEGA0CC2,3FJMTJX97OKWRZTTAWFV40863PH6A9,حوارات عربية ,الإجابة عن أسئلة حول عبارات وصفية.,عربية لغة علم جامعة arabic تجربة,$0.50,Mon Mar 11 15:26:38 PDT 2019,9,6,0,2,Assignable,NotReviewed,1 cond,1800,60000,Wed Apr 10 15:26:38 PDT 2019,https://requester.mturk.com/mturk/manageHIT?HITId=37YYO3NWHDLPA4QAA9J8BGXEGA0CC2,32SVAV9L3G5GR9VMO4HI11ZKM7HA30,1,Approved,Wed Mar 13 05:02:48 PDT 2019,Tue Mar 12 12:21:33 PDT 2019,Tue Mar 12 12:22:48 PDT 2019,Wed Mar 13 05:03:34 PDT 2019,,,,,[],1.11725
1,,brown,couch,0.44,furniture,5,color,incorrect,iraqi,correct,both,fdsf,0,Female,RSFGSD,english-arabic,No,1,advanced,sdgsd,NA,incorrect,1,other,other,Windows,864,1536,Chrome,37YYO3NWHDLPA4QAA9J8BGXEGA0CC2,3FJMTJX97OKWRZTTAWFV40863PH6A9,حوارات عربية ,الإجابة عن أسئلة حول عبارات وصفية.,عربية لغة علم جامعة arabic تجربة,$0.50,Mon Mar 11 15:26:38 PDT 2019,9,6,0,2,Assignable,NotReviewed,1 cond,1800,60000,Wed Apr 10 15:26:38 PDT 2019,https://requester.mturk.com/mturk/manageHIT?HITId=37YYO3NWHDLPA4QAA9J8BGXEGA0CC2,32SVAV9L3G5GR9VMO4HI11ZKM7HA30,1,Approved,Wed Mar 13 05:02:48 PDT 2019,Tue Mar 12 12:21:33 PDT 2019,Tue Mar 12 12:22:48 PDT 2019,Wed Mar 13 05:03:34 PDT 2019,,,,,[],1.11725
1,ليس,metal,cheese,0.57,food,6,material,incorrect,iraqi,correct,both,fdsf,0,Female,RSFGSD,english-arabic,No,1,advanced,sdgsd,NA,incorrect,1,other,other,Windows,864,1536,Chrome,37YYO3NWHDLPA4QAA9J8BGXEGA0CC2,3FJMTJX97OKWRZTTAWFV40863PH6A9,حوارات عربية ,الإجابة عن أسئلة حول عبارات وصفية.,عربية لغة علم جامعة arabic تجربة,$0.50,Mon Mar 11 15:26:38 PDT 2019,9,6,0,2,Assignable,NotReviewed,1 cond,1800,60000,Wed Apr 10 15:26:38 PDT 2019,https://requester.mturk.com/mturk/manageHIT?HITId=37YYO3NWHDLPA4QAA9J8BGXEGA0CC2,32SVAV9L3G5GR9VMO4HI11ZKM7HA30,1,Approved,Wed Mar 13 05:02:48 PDT 2019,Tue Mar 12 12:21:33 PDT 2019,Tue Mar 12 12:22:48 PDT 2019,Wed Mar 13 05:03:34 PDT 2019,,,,,[],1.11725
1,,yellow,couch,0.33,furniture,7,color,incorrect,iraqi,correct,both,fdsf,0,Female,RSFGSD,english-arabic,No,1,advanced,sdgsd,NA,incorrect,1,other,other,Windows,864,1536,Chrome,37YYO3NWHDLPA4QAA9J8BGXEGA0CC2,3FJMTJX97OKWRZTTAWFV40863PH6A9,حوارات عربية ,الإجابة عن أسئلة حول عبارات وصفية.,عربية لغة علم جامعة arabic تجربة,$0.50,Mon Mar 11 15:26:38 PDT 2019,9,6,0,2,Assignable,NotReviewed,1 cond,1800,60000,Wed Apr 10 15:26:38 PDT 2019,https://requester.mturk.com/mturk/manageHIT?HITId=37YYO3NWHDLPA4QAA9J8BGXEGA0CC2,32SVAV9L3G5GR9VMO4HI11ZKM7HA30,1,Approved,Wed Mar 13 05:02:48 PDT 2019,Tue Mar 12 12:21:33 PDT 2019,Tue Mar 12 12:22:48 PDT 2019,Wed Mar 13 05:03:34 PDT 2019,,,,,[],1.11725
1,,big,tomato,0.56,food,8,size,incorrect,iraqi,correct,both,fdsf,0,Female,RSFGSD,english-arabic,No,1,advanced,sdgsd,NA,incorrect,1,other,other,Windows,864,1536,Chrome,37YYO3NWHDLPA4QAA9J8BGXEGA0CC2,3FJMTJX97OKWRZTTAWFV40863PH6A9,حوارات عربية ,الإجابة عن أسئلة حول عبارات وصفية.,عربية لغة علم جامعة arabic تجربة,$0.50,Mon Mar 11 15:26:38 PDT 2019,9,6,0,2,Assignable,NotReviewed,1 cond,1800,60000,Wed Apr 10 15:26:38 PDT 2019,https://requester.mturk.com/mturk/manageHIT?HITId=37YYO3NWHDLPA4QAA9J8BGXEGA0CC2,32SVAV9L3G5GR9VMO4HI11ZKM7HA30,1,Approved,Wed Mar 13 05:02:48 PDT 2019,Tue Mar 12 12:21:33 PDT 2019,Tue Mar 12 12:22:48 PDT 2019,Wed Mar 13 05:03:34 PDT 2019,,,,,[],1.11725
1,,smooth,desk,0.45,furniture,9,texture,incorrect,iraqi,correct,both,fdsf,0,Female,RSFGSD,english-arabic,No,1,advanced,sdgsd,NA,incorrect,1,other,other,Windows,864,1536,Chrome,37YYO3NWHDLPA4QAA9J8BGXEGA0CC2,3FJMTJX97OKWRZTTAWFV40863PH6A9,حوارات عربية ,الإجابة عن أسئلة حول عبارات وصفية.,عربية لغة علم جامعة arabic تجربة,$0.50,Mon Mar 11 15:26:38 PDT 2019,9,6,0,2,Assignable,NotReviewed,1 cond,1800,60000,Wed Apr 10 15:26:38 PDT 2019,https://requester.mturk.com/mturk/manageHIT?HITId=37YYO3NWHDLPA4QAA9J8BGXEGA0CC2,32SVAV9L3G5GR9VMO4HI11ZKM7HA30,1,Approved,Wed Mar 13 05:02:48 PDT 2019,Tue Mar 12 12:21:33 PDT 2019,Tue Mar 12 12:22:48 PDT 2019,Wed Mar 13 05:03:34 PDT 2019,,,,,[],1.11725
1,,good,cheese,0.63,food,10,quality,incorrect,iraqi,correct,both,fdsf,0,Female,RSFGSD,english-arabic,No,1,advanced,sdgsd,NA,incorrect,1,other,other,Windows,864,1536,Chrome,37YYO3NWHDLPA4QAA9J8BGXEGA0CC2,3FJMTJX97OKWRZTTAWFV40863PH6A9,حوارات عربية ,الإجابة عن أسئلة حول عبارات وصفية.,عربية لغة علم جامعة arabic تجربة,$0.50,Mon Mar 11 15:26:38 PDT 2019,9,6,0,2,Assignable,NotReviewed,1 cond,1800,60000,Wed Apr 10 15:26:38 PDT 2019,https://requester.mturk.com/mturk/manageHIT?HITId=37YYO3NWHDLPA4QAA9J8BGXEGA0CC2,32SVAV9L3G5GR9VMO4HI11ZKM7HA30,1,Approved,Wed Mar 13 05:02:48 PDT 2019,Tue Mar 12 12:21:33 PDT 2019,Tue Mar 12 12:22:48 PDT 2019,Wed Mar 13 05:03:34 PDT 2019,,,,,[],1.11725
1,,small,fan,0.42,furniture,11,size,incorrect,iraqi,correct,both,fdsf,0,Female,RSFGSD,english-arabic,No,1,advanced,sdgsd,NA,incorrect,1,other,other,Windows,864,1536,Chrome,37YYO3NWHDLPA4QAA9J8BGXEGA0CC2,3FJMTJX97OKWRZTTAWFV40863PH6A9,حوارات عربية ,الإجابة عن أسئلة حول عبارات وصفية.,عربية لغة علم جامعة arabic تجربة,$0.50,Mon Mar 11 15:26:38 PDT 2019,9,6,0,2,Assignable,NotReviewed,1 cond,1800,60000,Wed Apr 10 15:26:38 PDT 2019,https://requester.mturk.com/mturk/manageHIT?HITId=37YYO3NWHDLPA4QAA9J8BGXEGA0CC2,32SVAV9L3G5GR9VMO4HI11ZKM7HA30,1,Approved,Wed Mar 13 05:02:48 PDT 2019,Tue Mar 12 12:21:33 PDT 2019,Tue Mar 12 12:22:48 PDT 2019,Wed Mar 13 05:03:34 PDT 2019,,,,,[],1.11725
1,,long,chair,0.62,furniture,12,size,incorrect,iraqi,correct,both,fdsf,0,Female,RSFGSD,english-arabic,No,1,advanced,sdgsd,NA,incorrect,1,other,other,Windows,864,1536,Chrome,37YYO3NWHDLPA4QAA9J8BGXEGA0CC2,3FJMTJX97OKWRZTTAWFV40863PH6A9,حوارات عربية ,الإجابة عن أسئلة حول عبارات وصفية.,عربية لغة علم جامعة arabic تجربة,$0.50,Mon Mar 11 15:26:38 PDT 2019,9,6,0,2,Assignable,NotReviewed,1 cond,1800,60000,Wed Apr 10 15:26:38 PDT 2019,https://requester.mturk.com/mturk/manageHIT?HITId=37YYO3NWHDLPA4QAA9J8BGXEGA0CC2,32SVAV9L3G5GR9VMO4HI11ZKM7HA30,1,Approved,Wed Mar 13 05:02:48 PDT 2019,Tue Mar 12 12:21:33 PDT 2019,Tue Mar 12 12:22:48 PDT 2019,Wed Mar 13 05:03:34 PDT 2019,,,,,[],1.11725
1,ليس,soft,TV,0.4,furniture,13,texture,incorrect,iraqi,correct,both,fdsf,0,Female,RSFGSD,english-arabic,No,1,advanced,sdgsd,NA,incorrect,1,other,other,Windows,864,1536,Chrome,37YYO3NWHDLPA4QAA9J8BGXEGA0CC2,3FJMTJX97OKWRZTTAWFV40863PH6A9,حوارات عربية ,الإجابة عن أسئلة حول عبارات وصفية.,عربية لغة علم جامعة arabic تجربة,$0.50,Mon Mar 11 15:26:38 PDT 2019,9,6,0,2,Assignable,NotReviewed,1 cond,1800,60000,Wed Apr 10 15:26:38 PDT 2019,https://requester.mturk.com/mturk/manageHIT?HITId=37YYO3NWHDLPA4QAA9J8BGXEGA0CC2,32SVAV9L3G5GR9VMO4HI11ZKM7HA30,1,Approved,Wed Mar 13 05:02:48 PDT 2019,Tue Mar 12 12:21:33 PDT 2019,Tue Mar 12 12:22:48 PDT 2019,Wed Mar 13 05:03:34 PDT 2019,,,,,[],1.11725
1,,bad,carrot,0.43,food,14,quality,incorrect,iraqi,correct,both,fdsf,0,Female,RSFGSD,english-arabic,No,1,advanced,sdgsd,NA,incorrect,1,other,other,Windows,864,1536,Chrome,37YYO3NWHDLPA4QAA9J8BGXEGA0CC2,3FJMTJX97OKWRZTTAWFV40863PH6A9,حوارات عربية ,الإجابة عن أسئلة حول عبارات وصفية.,عربية لغة علم جامعة arabic تجربة,$0.50,Mon Mar 11 15:26:38 PDT 2019,9,6,0,2,Assignable,NotReviewed,1 cond,1800,60000,Wed Apr 10 15:26:38 PDT 2019,https://requester.mturk.com/mturk/manageHIT?HITId=37YYO3NWHDLPA4QAA9J8BGXEGA0CC2,32SVAV9L3G5GR9VMO4HI11ZKM7HA30,1,Approved,Wed Mar 13 05:02:48 PDT 2019,Tue Mar 12 12:21:33 PDT 2019,Tue Mar 12 12:22:48 PDT 2019,Wed Mar 13 05:03:34 PDT 2019,,,,,[],1.11725
1,ليس,purple,desk,0.45,furniture,15,color,incorrect,iraqi,correct,both,fdsf,0,Female,RSFGSD,english-arabic,No,1,advanced,sdgsd,NA,incorrect,1,other,other,Windows,864,1536,Chrome,37YYO3NWHDLPA4QAA9J8BGXEGA0CC2,3FJMTJX97OKWRZTTAWFV40863PH6A9,حوارات عربية ,الإجابة عن أسئلة حول عبارات وصفية.,عربية لغة علم جامعة arabic تجربة,$0.50,Mon Mar 11 15:26:38 PDT 2019,9,6,0,2,Assignable,NotReviewed,1 cond,1800,60000,Wed Apr 10 15:26:38 PDT 2019,https://requester.mturk.com/mturk/manageHIT?HITId=37YYO3NWHDLPA4QAA9J8BGXEGA0CC2,32SVAV9L3G5GR9VMO4HI11ZKM7HA30,1,Approved,Wed Mar 13 05:02:48 PDT 2019,Tue Mar 12 12:21:33 PDT 2019,Tue Mar 12 12:22:48 PDT 2019,Wed Mar 13 05:03:34 PDT 2019,,,,,[],1.11725
1,,short,tomato,0.46,food,16,size,incorrect,iraqi,correct,both,fdsf,0,Female,RSFGSD,english-arabic,No,1,advanced,sdgsd,NA,incorrect,1,other,other,Windows,864,1536,Chrome,37YYO3NWHDLPA4QAA9J8BGXEGA0CC2,3FJMTJX97OKWRZTTAWFV40863PH6A9,حوارات عربية ,الإجابة عن أسئلة حول عبارات وصفية.,عربية لغة علم جامعة arabic تجربة,$0.50,Mon Mar 11 15:26:38 PDT 2019,9,6,0,2,Assignable,NotReviewed,1 cond,1800,60000,Wed Apr 10 15:26:38 PDT 2019,https://requester.mturk.com/mturk/manageHIT?HITId=37YYO3NWHDLPA4QAA9J8BGXEGA0CC2,32SVAV9L3G5GR9VMO4HI11ZKM7HA30,1,Approved,Wed Mar 13 05:02:48 PDT 2019,Tue Mar 12 12:21:33 PDT 2019,Tue Mar 12 12:22:48 PDT 2019,Wed Mar 13 05:03:34 PDT 2019,,,,,[],1.11725
1,ليست,round,tomato,0.65,food,17,shape,incorrect,iraqi,correct,both,fdsf,0,Female,RSFGSD,english-arabic,No,1,advanced,sdgsd,NA,incorrect,1,other,other,Windows,864,1536,Chrome,37YYO3NWHDLPA4QAA9J8BGXEGA0CC2,3FJMTJX97OKWRZTTAWFV40863PH6A9,حوارات عربية ,الإجابة عن أسئلة حول عبارات وصفية.,عربية لغة علم جامعة arabic تجربة,$0.50,Mon Mar 11 15:26:38 PDT 2019,9,6,0,2,Assignable,NotReviewed,1 cond,1800,60000,Wed Apr 10 15:26:38 PDT 2019,https://requester.mturk.com/mturk/manageHIT?HITId=37YYO3NWHDLPA4QAA9J8BGXEGA0CC2,32SVAV9L3G5GR9VMO4HI11ZKM7HA30,1,Approved,Wed Mar 13 05:02:48 PDT 2019,Tue Mar 12 12:21:33 PDT 2019,Tue Mar 12 12:22:48 PDT 2019,Wed Mar 13 05:03:34 PDT 2019,,,,,[],1.11725
1,ليست,blue,carrot,0.65,food,18,color,incorrect,iraqi,correct,both,fdsf,0,Female,RSFGSD,english-arabic,No,1,advanced,sdgsd,NA,incorrect,1,other,other,Windows,864,1536,Chrome,37YYO3NWHDLPA4QAA9J8BGXEGA0CC2,3FJMTJX97OKWRZTTAWFV40863PH6A9,حوارات عربية ,الإجابة عن أسئلة حول عبارات وصفية.,عربية لغة علم جامعة arabic تجربة,$0.50,Mon Mar 11 15:26:38 PDT 2019,9,6,0,2,Assignable,NotReviewed,1 cond,1800,60000,Wed Apr 10 15:26:38 PDT 2019,https://requester.mturk.com/mturk/manageHIT?HITId=37YYO3NWHDLPA4QAA9J8BGXEGA0CC2,32SVAV9L3G5GR9VMO4HI11ZKM7HA30,1,Approved,Wed Mar 13 05:02:48 PDT 2019,Tue Mar 12 12:21:33 PDT 2019,Tue Mar 12 12:22:48 PDT 2019,Wed Mar 13 05:03:34 PDT 2019,,,,,[],1.11725
1,,plastic,tomato,0.43,food,19,material,incorrect,iraqi,correct,both,fdsf,0,Female,RSFGSD,english-arabic,No,1,advanced,sdgsd,NA,incorrect,1,other,other,Windows,864,1536,Chrome,37YYO3NWHDLPA4QAA9J8BGXEGA0CC2,3FJMTJX97OKWRZTTAWFV40863PH6A9,حوارات عربية ,الإجابة عن أسئلة حول عبارات وصفية.,عربية لغة علم جامعة arabic تجربة,$0.50,Mon Mar 11 15:26:38 PDT 2019,9,6,0,2,Assignable,NotReviewed,1 cond,1800,60000,Wed Apr 10 15:26:38 PDT 2019,https://requester.mturk.com/mturk/manageHIT?HITId=37YYO3NWHDLPA4QAA9J8BGXEGA0CC2,32SVAV9L3G5GR9VMO4HI11ZKM7HA30,1,Approved,Wed Mar 13 05:02:48 PDT 2019,Tue Mar 12 12:21:33 PDT 2019,Tue Mar 12 12:22:48 PDT 2019,Wed Mar 13 05:03:34 PDT 2019,,,,,[],1.11725
1,ليس,square,desk,0.23,furniture,20,shape,incorrect,iraqi,correct,both,fdsf,0,Female,RSFGSD,english-arabic,No,1,advanced,sdgsd,NA,incorrect,1,other,other,Windows,864,1536,Chrome,37YYO3NWHDLPA4QAA9J8BGXEGA0CC2,3FJMTJX97OKWRZTTAWFV40863PH6A9,حوارات عربية ,الإجابة عن أسئلة حول عبارات وصفية.,عربية لغة علم جامعة arabic تجربة,$0.50,Mon Mar 11 15:26:38 PDT 2019,9,6,0,2,Assignable,NotReviewed,1 cond,1800,60000,Wed Apr 10 15:26:38 PDT 2019,https://requester.mturk.com/mturk/manageHIT?HITId=37YYO3NWHDLPA4QAA9J8BGXEGA0CC2,32SVAV9L3G5GR9VMO4HI11ZKM7HA30,1,Approved,Wed Mar 13 05:02:48 PDT 2019,Tue Mar 12 12:21:33 PDT 2019,Tue Mar 12 12:22:48 PDT 2019,Wed Mar 13 05:03:34 PDT 2019,,,,,[],1.11725
1,ليس,old,chair,0.67,furniture,21,age,incorrect,iraqi,correct,both,fdsf,0,Female,RSFGSD,english-arabic,No,1,advanced,sdgsd,NA,incorrect,1,other,other,Windows,864,1536,Chrome,37YYO3NWHDLPA4QAA9J8BGXEGA0CC2,3FJMTJX97OKWRZTTAWFV40863PH6A9,حوارات عربية ,الإجابة عن أسئلة حول عبارات وصفية.,عربية لغة علم جامعة arabic تجربة,$0.50,Mon Mar 11 15:26:38 PDT 2019,9,6,0,2,Assignable,NotReviewed,1 cond,1800,60000,Wed Apr 10 15:26:38 PDT 2019,https://requester.mturk.com/mturk/manageHIT?HITId=37YYO3NWHDLPA4QAA9J8BGXEGA0CC2,32SVAV9L3G5GR9VMO4HI11ZKM7HA30,1,Approved,Wed Mar 13 05:02:48 PDT 2019,Tue Mar 12 12:21:33 PDT 2019,Tue Mar 12 12:22:48 PDT 2019,Wed Mar 13 05:03:34 PDT 2019,,,,,[],1.11725
1,ليس,red,TV,0.61,furniture,22,color,incorrect,iraqi,correct,both,fdsf,0,Female,RSFGSD,english-arabic,No,1,advanced,sdgsd,NA,incorrect,1,other,other,Windows,864,1536,Chrome,37YYO3NWHDLPA4QAA9J8BGXEGA0CC2,3FJMTJX97OKWRZTTAWFV40863PH6A9,حوارات عربية ,الإجابة عن أسئلة حول عبارات وصفية.,عربية لغة علم جامعة arabic تجربة,$0.50,Mon Mar 11 15:26:38 PDT 2019,9,6,0,2,Assignable,NotReviewed,1 cond,1800,60000,Wed Apr 10 15:26:38 PDT 2019,https://requester.mturk.com/mturk/manageHIT?HITId=37YYO3NWHDLPA4QAA9J8BGXEGA0CC2,32SVAV9L3G5GR9VMO4HI11ZKM7HA30,1,Approved,Wed Mar 13 05:02:48 PDT 2019,Tue Mar 12 12:21:33 PDT 2019,Tue Mar 12 12:22:48 PDT 2019,Wed Mar 13 05:03:34 PDT 2019,,,,,[],1.11725
1,ليست,huge,banana,0.68,food,23,size,incorrect,iraqi,correct,both,fdsf,0,Female,RSFGSD,english-arabic,No,1,advanced,sdgsd,NA,incorrect,1,other,other,Windows,864,1536,Chrome,37YYO3NWHDLPA4QAA9J8BGXEGA0CC2,3FJMTJX97OKWRZTTAWFV40863PH6A9,حوارات عربية ,الإجابة عن أسئلة حول عبارات وصفية.,عربية لغة علم جامعة arabic تجربة,$0.50,Mon Mar 11 15:26:38 PDT 2019,9,6,0,2,Assignable,NotReviewed,1 cond,1800,60000,Wed Apr 10 15:26:38 PDT 2019,https://requester.mturk.com/mturk/manageHIT?HITId=37YYO3NWHDLPA4QAA9J8BGXEGA0CC2,32SVAV9L3G5GR9VMO4HI11ZKM7HA30,1,Approved,Wed Mar 13 05:02:48 PDT 2019,Tue Mar 12 12:21:33 PDT 2019,Tue Mar 12 12:22:48 PDT 2019,Wed Mar 13 05:03:34 PDT 2019,,,,,[],1.11725
1,,wooden,fan,0.51,furniture,24,material,incorrect,iraqi,correct,both,fdsf,0,Female,RSFGSD,english-arabic,No,1,advanced,sdgsd,NA,incorrect,1,other,other,Windows,864,1536,Chrome,37YYO3NWHDLPA4QAA9J8BGXEGA0CC2,3FJMTJX97OKWRZTTAWFV40863PH6A9,حوارات عربية ,الإجابة عن أسئلة حول عبارات وصفية.,عربية لغة علم جامعة arabic تجربة,$0.50,Mon Mar 11 15:26:38 PDT 2019,9,6,0,2,Assignable,NotReviewed,1 cond,1800,60000,Wed Apr 10 15:26:38 PDT 2019,https://requester.mturk.com/mturk/manageHIT?HITId=37YYO3NWHDLPA4QAA9J8BGXEGA0CC2,32SVAV9L3G5GR9VMO4HI11ZKM7HA30,1,Approved,Wed Mar 13 05:02:48 PDT 2019,Tue Mar 12 12:21:33 PDT 2019,Tue Mar 12 12:22:48 PDT 2019,Wed Mar 13 05:03:34 PDT 2019,,,,,[],1.11725
1,ليس,fresh,cheese,0.38,food,25,age,incorrect,iraqi,correct,both,fdsf,0,Female,RSFGSD,english-arabic,No,1,advanced,sdgsd,NA,incorrect,1,other,other,Windows,864,1536,Chrome,37YYO3NWHDLPA4QAA9J8BGXEGA0CC2,3FJMTJX97OKWRZTTAWFV40863PH6A9,حوارات عربية ,الإجابة عن أسئلة حول عبارات وصفية.,عربية لغة علم جامعة arabic تجربة,$0.50,Mon Mar 11 15:26:38 PDT 2019,9,6,0,2,Assignable,NotReviewed,1 cond,1800,60000,Wed Apr 10 15:26:38 PDT 2019,https://requester.mturk.com/mturk/manageHIT?HITId=37YYO3NWHDLPA4QAA9J8BGXEGA0CC2,32SVAV9L3G5GR9VMO4HI11ZKM7HA30,1,Approved,Wed Mar 13 05:02:48 PDT 2019,Tue Mar 12 12:21:33 PDT 2019,Tue Mar 12 12:22:48 PDT 2019,Wed Mar 13 05:03:34 PDT 2019,,,,,[],1.11725
1,ليست,rotten,fan,0.68,furniture,26,age,incorrect,iraqi,correct,both,fdsf,0,Female,RSFGSD,english-arabic,No,1,advanced,sdgsd,NA,incorrect,1,other,other,Windows,864,1536,Chrome,37YYO3NWHDLPA4QAA9J8BGXEGA0CC2,3FJMTJX97OKWRZTTAWFV40863PH6A9,حوارات عربية ,الإجابة عن أسئلة حول عبارات وصفية.,عربية لغة علم جامعة arabic تجربة,$0.50,Mon Mar 11 15:26:38 PDT 2019,9,6,0,2,Assignable,NotReviewed,1 cond,1800,60000,Wed Apr 10 15:26:38 PDT 2019,https://requester.mturk.com/mturk/manageHIT?HITId=37YYO3NWHDLPA4QAA9J8BGXEGA0CC2,32SVAV9L3G5GR9VMO4HI11ZKM7HA30,1,Approved,Wed Mar 13 05:02:48 PDT 2019,Tue Mar 12 12:21:33 PDT 2019,Tue Mar 12 12:22:48 PDT 2019,Wed Mar 13 05:03:34 PDT 2019,,,,,[],1.11725
1,,new,chair,0.55,furniture,27,age,incorrect,iraqi,correct,both,fdsf,0,Female,RSFGSD,english-arabic,No,1,advanced,sdgsd,NA,incorrect,1,other,other,Windows,864,1536,Chrome,37YYO3NWHDLPA4QAA9J8BGXEGA0CC2,3FJMTJX97OKWRZTTAWFV40863PH6A9,حوارات عربية ,الإجابة عن أسئلة حول عبارات وصفية.,عربية لغة علم جامعة arabic تجربة,$0.50,Mon Mar 11 15:26:38 PDT 2019,9,6,0,2,Assignable,NotReviewed,1 cond,1800,60000,Wed Apr 10 15:26:38 PDT 2019,https://requester.mturk.com/mturk/manageHIT?HITId=37YYO3NWHDLPA4QAA9J8BGXEGA0CC2,32SVAV9L3G5GR9VMO4HI11ZKM7HA30,1,Approved,Wed Mar 13 05:02:48 PDT 2019,Tue Mar 12 12:21:33 PDT 2019,Tue Mar 12 12:22:48 PDT 2019,Wed Mar 13 05:03:34 PDT 2019,,,,,[],1.11725
2,,smooth,TV,0.46,furniture,3,texture,correct,gulf,correct,no,,0,Male,,english-arabic,,1,advanced,,Yes,incorrect,1,english,arabic,Windows,768,1366,Chrome,37YYO3NWHDLPA4QAA9J8BGXEGA0CC2,3FJMTJX97OKWRZTTAWFV40863PH6A9,حوارات عربية ,الإجابة عن أسئلة حول عبارات وصفية.,عربية لغة علم جامعة arabic تجربة,$0.50,Mon Mar 11 15:26:38 PDT 2019,9,6,0,2,Assignable,NotReviewed,1 cond,1800,60000,Wed Apr 10 15:26:38 PDT 2019,https://requester.mturk.com/mturk/manageHIT?HITId=37YYO3NWHDLPA4QAA9J8BGXEGA0CC2,3QAVNHZ3EN0X7DLBUALIXNT1MZJLAC,2,Submitted,Thu Mar 14 18:51:24 PDT 2019,Thu Mar 14 01:59:34 PDT 2019,Thu Mar 14 02:11:24 PDT 2019,,,,,,[],0.9931
2,ليست,blue,couch,0.5,furniture,4,color,correct,gulf,correct,no,,0,Male,,english-arabic,,1,advanced,,Yes,incorrect,1,english,arabic,Windows,768,1366,Chrome,37YYO3NWHDLPA4QAA9J8BGXEGA0CC2,3FJMTJX97OKWRZTTAWFV40863PH6A9,حوارات عربية ,الإجابة عن أسئلة حول عبارات وصفية.,عربية لغة علم جامعة arabic تجربة,$0.50,Mon Mar 11 15:26:38 PDT 2019,9,6,0,2,Assignable,NotReviewed,1 cond,1800,60000,Wed Apr 10 15:26:38 PDT 2019,https://requester.mturk.com/mturk/manageHIT?HITId=37YYO3NWHDLPA4QAA9J8BGXEGA0CC2,3QAVNHZ3EN0X7DLBUALIXNT1MZJLAC,2,Submitted,Thu Mar 14 18:51:24 PDT 2019,Thu Mar 14 01:59:34 PDT 2019,Thu Mar 14 02:11:24 PDT 2019,,,,,,[],0.9931
2,ليس,brown,chair,0.61,furniture,5,color,correct,gulf,correct,no,,0,Male,,english-arabic,,1,advanced,,Yes,incorrect,1,english,arabic,Windows,768,1366,Chrome,37YYO3NWHDLPA4QAA9J8BGXEGA0CC2,3FJMTJX97OKWRZTTAWFV40863PH6A9,حوارات عربية ,الإجابة عن أسئلة حول عبارات وصفية.,عربية لغة علم جامعة arabic تجربة,$0.50,Mon Mar 11 15:26:38 PDT 2019,9,6,0,2,Assignable,NotReviewed,1 cond,1800,60000,Wed Apr 10 15:26:38 PDT 2019,https://requester.mturk.com/mturk/manageHIT?HITId=37YYO3NWHDLPA4QAA9J8BGXEGA0CC2,3QAVNHZ3EN0X7DLBUALIXNT1MZJLAC,2,Submitted,Thu Mar 14 18:51:24 PDT 2019,Thu Mar 14 01:59:34 PDT 2019,Thu Mar 14 02:11:24 PDT 2019,,,,,,[],0.9931
2,,small,couch,0.68,furniture,6,size,correct,gulf,correct,no,,0,Male,,english-arabic,,1,advanced,,Yes,incorrect,1,english,arabic,Windows,768,1366,Chrome,37YYO3NWHDLPA4QAA9J8BGXEGA0CC2,3FJMTJX97OKWRZTTAWFV40863PH6A9,حوارات عربية ,الإجابة عن أسئلة حول عبارات وصفية.,عربية لغة علم جامعة arabic تجربة,$0.50,Mon Mar 11 15:26:38 PDT 2019,9,6,0,2,Assignable,NotReviewed,1 cond,1800,60000,Wed Apr 10 15:26:38 PDT 2019,https://requester.mturk.com/mturk/manageHIT?HITId=37YYO3NWHDLPA4QAA9J8BGXEGA0CC2,3QAVNHZ3EN0X7DLBUALIXNT1MZJLAC,2,Submitted,Thu Mar 14 18:51:24 PDT 2019,Thu Mar 14 01:59:34 PDT 2019,Thu Mar 14 02:11:24 PDT 2019,,,,,,[],0.9931
2,,big,couch,0.66,furniture,7,size,correct,gulf,correct,no,,0,Male,,english-arabic,,1,advanced,,Yes,incorrect,1,english,arabic,Windows,768,1366,Chrome,37YYO3NWHDLPA4QAA9J8BGXEGA0CC2,3FJMTJX97OKWRZTTAWFV40863PH6A9,حوارات عربية ,الإجابة عن أسئلة حول عبارات وصفية.,عربية لغة علم جامعة arabic تجربة,$0.50,Mon Mar 11 15:26:38 PDT 2019,9,6,0,2,Assignable,NotReviewed,1 cond,1800,60000,Wed Apr 10 15:26:38 PDT 2019,https://requester.mturk.com/mturk/manageHIT?HITId=37YYO3NWHDLPA4QAA9J8BGXEGA0CC2,3QAVNHZ3EN0X7DLBUALIXNT1MZJLAC,2,Submitted,Thu Mar 14 18:51:24 PDT 2019,Thu Mar 14 01:59:34 PDT 2019,Thu Mar 14 02:11:24 PDT 2019,,,,,,[],0.9931
2,ليس,hard,desk,0.67,furniture,8,texture,correct,gulf,correct,no,,0,Male,,english-arabic,,1,advanced,,Yes,incorrect,1,english,arabic,Windows,768,1366,Chrome,37YYO3NWHDLPA4QAA9J8BGXEGA0CC2,3FJMTJX97OKWRZTTAWFV40863PH6A9,حوارات عربية ,الإجابة عن أسئلة حول عبارات وصفية.,عربية لغة علم جامعة arabic تجربة,$0.50,Mon Mar 11 15:26:38 PDT 2019,9,6,0,2,Assignable,NotReviewed,1 cond,1800,60000,Wed Apr 10 15:26:38 PDT 2019,https://requester.mturk.com/mturk/manageHIT?HITId=37YYO3NWHDLPA4QAA9J8BGXEGA0CC2,3QAVNHZ3EN0X7DLBUALIXNT1MZJLAC,2,Submitted,Thu Mar 14 18:51:24 PDT 2019,Thu Mar 14 01:59:34 PDT 2019,Thu Mar 14 02:11:24 PDT 2019,,,,,,[],0.9931
2,ليست,purple,fan,0.59,furniture,9,color,correct,gulf,correct,no,,0,Male,,english-arabic,,1,advanced,,Yes,incorrect,1,english,arabic,Windows,768,1366,Chrome,37YYO3NWHDLPA4QAA9J8BGXEGA0CC2,3FJMTJX97OKWRZTTAWFV40863PH6A9,حوارات عربية ,الإجابة عن أسئلة حول عبارات وصفية.,عربية لغة علم جامعة arabic تجربة,$0.50,Mon Mar 11 15:26:38 PDT 2019,9,6,0,2,Assignable,NotReviewed,1 cond,1800,60000,Wed Apr 10 15:26:38 PDT 2019,https://requester.mturk.com/mturk/manageHIT?HITId=37YYO3NWHDLPA4QAA9J8BGXEGA0CC2,3QAVNHZ3EN0X7DLBUALIXNT1MZJLAC,2,Submitted,Thu Mar 14 18:51:24 PDT 2019,Thu Mar 14 01:59:34 PDT 2019,Thu Mar 14 02:11:24 PDT 2019,,,,,,[],0.9931
2,ليست,red,fan,0.65,furniture,10,color,correct,gulf,correct,no,,0,Male,,english-arabic,,1,advanced,,Yes,incorrect,1,english,arabic,Windows,768,1366,Chrome,37YYO3NWHDLPA4QAA9J8BGXEGA0CC2,3FJMTJX97OKWRZTTAWFV40863PH6A9,حوارات عربية ,الإجابة عن أسئلة حول عبارات وصفية.,عربية لغة علم جامعة arabic تجربة,$0.50,Mon Mar 11 15:26:38 PDT 2019,9,6,0,2,Assignable,NotReviewed,1 cond,1800,60000,Wed Apr 10 15:26:38 PDT 2019,https://requester.mturk.com/mturk/manageHIT?HITId=37YYO3NWHDLPA4QAA9J8BGXEGA0CC2,3QAVNHZ3EN0X7DLBUALIXNT1MZJLAC,2,Submitted,Thu Mar 14 18:51:24 PDT 2019,Thu Mar 14 01:59:34 PDT 2019,Thu Mar 14 02:11:24 PDT 2019,,,,,,[],0.9931
2,,bad,fan,0.63,furniture,11,quality,correct,gulf,correct,no,,0,Male,,english-arabic,,1,advanced,,Yes,incorrect,1,english,arabic,Windows,768,1366,Chrome,37YYO3NWHDLPA4QAA9J8BGXEGA0CC2,3FJMTJX97OKWRZTTAWFV40863PH6A9,حوارات عربية ,الإجابة عن أسئلة حول عبارات وصفية.,عربية لغة علم جامعة arabic تجربة,$0.50,Mon Mar 11 15:26:38 PDT 2019,9,6,0,2,Assignable,NotReviewed,1 cond,1800,60000,Wed Apr 10 15:26:38 PDT 2019,https://requester.mturk.com/mturk/manageHIT?HITId=37YYO3NWHDLPA4QAA9J8BGXEGA0CC2,3QAVNHZ3EN0X7DLBUALIXNT1MZJLAC,2,Submitted,Thu Mar 14 18:51:24 PDT 2019,Thu Mar 14 01:59:34 PDT 2019,Thu Mar 14 02:11:24 PDT 2019,,,,,,[],0.9931
2,ليس,long,desk,0.74,furniture,12,size,correct,gulf,correct,no,,0,Male,,english-arabic,,1,advanced,,Yes,incorrect,1,english,arabic,Windows,768,1366,Chrome,37YYO3NWHDLPA4QAA9J8BGXEGA0CC2,3FJMTJX97OKWRZTTAWFV40863PH6A9,حوارات عربية ,الإجابة عن أسئلة حول عبارات وصفية.,عربية لغة علم جامعة arabic تجربة,$0.50,Mon Mar 11 15:26:38 PDT 2019,9,6,0,2,Assignable,NotReviewed,1 cond,1800,60000,Wed Apr 10 15:26:38 PDT 2019,https://requester.mturk.com/mturk/manageHIT?HITId=37YYO3NWHDLPA4QAA9J8BGXEGA0CC2,3QAVNHZ3EN0X7DLBUALIXNT1MZJLAC,2,Submitted,Thu Mar 14 18:51:24 PDT 2019,Thu Mar 14 01:59:34 PDT 2019,Thu Mar 14 02:11:24 PDT 2019,,,,,,[],0.9931
2,,huge,couch,0.78,furniture,13,size,correct,gulf,correct,no,,0,Male,,english-arabic,,1,advanced,,Yes,incorrect,1,english,arabic,Windows,768,1366,Chrome,37YYO3NWHDLPA4QAA9J8BGXEGA0CC2,3FJMTJX97OKWRZTTAWFV40863PH6A9,حوارات عربية ,الإجابة عن أسئلة حول عبارات وصفية.,عربية لغة علم جامعة arabic تجربة,$0.50,Mon Mar 11 15:26:38 PDT 2019,9,6,0,2,Assignable,NotReviewed,1 cond,1800,60000,Wed Apr 10 15:26:38 PDT 2019,https://requester.mturk.com/mturk/manageHIT?HITId=37YYO3NWHDLPA4QAA9J8BGXEGA0CC2,3QAVNHZ3EN0X7DLBUALIXNT1MZJLAC,2,Submitted,Thu Mar 14 18:51:24 PDT 2019,Thu Mar 14 01:59:34 PDT 2019,Thu Mar 14 02:11:24 PDT 2019,,,,,,[],0.9931
2,ليست,soft,banana,0.79,food,14,texture,correct,gulf,correct,no,,0,Male,,english-arabic,,1,advanced,,Yes,incorrect,1,english,arabic,Windows,768,1366,Chrome,37YYO3NWHDLPA4QAA9J8BGXEGA0CC2,3FJMTJX97OKWRZTTAWFV40863PH6A9,حوارات عربية ,الإجابة عن أسئلة حول عبارات وصفية.,عربية لغة علم جامعة arabic تجربة,$0.50,Mon Mar 11 15:26:38 PDT 2019,9,6,0,2,Assignable,NotReviewed,1 cond,1800,60000,Wed Apr 10 15:26:38 PDT 2019,https://requester.mturk.com/mturk/manageHIT?HITId=37YYO3NWHDLPA4QAA9J8BGXEGA0CC2,3QAVNHZ3EN0X7DLBUALIXNT1MZJLAC,2,Submitted,Thu Mar 14 18:51:24 PDT 2019,Thu Mar 14 01:59:34 PDT 2019,Thu Mar 14 02:11:24 PDT 2019,,,,,,[],0.9931
2,ليست,round,tomato,0.67,food,15,shape,correct,gulf,correct,no,,0,Male,,english-arabic,,1,advanced,,Yes,incorrect,1,english,arabic,Windows,768,1366,Chrome,37YYO3NWHDLPA4QAA9J8BGXEGA0CC2,3FJMTJX97OKWRZTTAWFV40863PH6A9,حوارات عربية ,الإجابة عن أسئلة حول عبارات وصفية.,عربية لغة علم جامعة arabic تجربة,$0.50,Mon Mar 11 15:26:38 PDT 2019,9,6,0,2,Assignable,NotReviewed,1 cond,1800,60000,Wed Apr 10 15:26:38 PDT 2019,https://requester.mturk.com/mturk/manageHIT?HITId=37YYO3NWHDLPA4QAA9J8BGXEGA0CC2,3QAVNHZ3EN0X7DLBUALIXNT1MZJLAC,2,Submitted,Thu Mar 14 18:51:24 PDT 2019,Thu Mar 14 01:59:34 PDT 2019,Thu Mar 14 02:11:24 PDT 2019,,,,,,[],0.9931
2,,new,TV,0.62,furniture,16,age,correct,gulf,correct,no,,0,Male,,english-arabic,,1,advanced,,Yes,incorrect,1,english,arabic,Windows,768,1366,Chrome,37YYO3NWHDLPA4QAA9J8BGXEGA0CC2,3FJMTJX97OKWRZTTAWFV40863PH6A9,حوارات عربية ,الإجابة عن أسئلة حول عبارات وصفية.,عربية لغة علم جامعة arabic تجربة,$0.50,Mon Mar 11 15:26:38 PDT 2019,9,6,0,2,Assignable,NotReviewed,1 cond,1800,60000,Wed Apr 10 15:26:38 PDT 2019,https://requester.mturk.com/mturk/manageHIT?HITId=37YYO3NWHDLPA4QAA9J8BGXEGA0CC2,3QAVNHZ3EN0X7DLBUALIXNT1MZJLAC,2,Submitted,Thu Mar 14 18:51:24 PDT 2019,Thu Mar 14 01:59:34 PDT 2019,Thu Mar 14 02:11:24 PDT 2019,,,,,,[],0.9931
2,,old,cheese,0.63,food,17,age,correct,gulf,correct,no,,0,Male,,english-arabic,,1,advanced,,Yes,incorrect,1,english,arabic,Windows,768,1366,Chrome,37YYO3NWHDLPA4QAA9J8BGXEGA0CC2,3FJMTJX97OKWRZTTAWFV40863PH6A9,حوارات عربية ,الإجابة عن أسئلة حول عبارات وصفية.,عربية لغة علم جامعة arabic تجربة,$0.50,Mon Mar 11 15:26:38 PDT 2019,9,6,0,2,Assignable,NotReviewed,1 cond,1800,60000,Wed Apr 10 15:26:38 PDT 2019,https://requester.mturk.com/mturk/manageHIT?HITId=37YYO3NWHDLPA4QAA9J8BGXEGA0CC2,3QAVNHZ3EN0X7DLBUALIXNT1MZJLAC,2,Submitted,Thu Mar 14 18:51:24 PDT 2019,Thu Mar 14 01:59:34 PDT 2019,Thu Mar 14 02:11:24 PDT 2019,,,,,,[],0.9931
2,,wooden,cheese,0.84,food,18,material,correct,gulf,correct,no,,0,Male,,english-arabic,,1,advanced,,Yes,incorrect,1,english,arabic,Windows,768,1366,Chrome,37YYO3NWHDLPA4QAA9J8BGXEGA0CC2,3FJMTJX97OKWRZTTAWFV40863PH6A9,حوارات عربية ,الإجابة عن أسئلة حول عبارات وصفية.,عربية لغة علم جامعة arabic تجربة,$0.50,Mon Mar 11 15:26:38 PDT 2019,9,6,0,2,Assignable,NotReviewed,1 cond,1800,60000,Wed Apr 10 15:26:38 PDT 2019,https://requester.mturk.com/mturk/manageHIT?HITId=37YYO3NWHDLPA4QAA9J8BGXEGA0CC2,3QAVNHZ3EN0X7DLBUALIXNT1MZJLAC,2,Submitted,Thu Mar 14 18:51:24 PDT 2019,Thu Mar 14 01:59:34 PDT 2019,Thu Mar 14 02:11:24 PDT 2019,,,,,,[],0.9931
2,ليست,yellow,fan,0.37,furniture,19,color,correct,gulf,correct,no,,0,Male,,english-arabic,,1,advanced,,Yes,incorrect,1,english,arabic,Windows,768,1366,Chrome,37YYO3NWHDLPA4QAA9J8BGXEGA0CC2,3FJMTJX97OKWRZTTAWFV40863PH6A9,حوارات عربية ,الإجابة عن أسئلة حول عبارات وصفية.,عربية لغة علم جامعة arabic تجربة,$0.50,Mon Mar 11 15:26:38 PDT 2019,9,6,0,2,Assignable,NotReviewed,1 cond,1800,60000,Wed Apr 10 15:26:38 PDT 2019,https://requester.mturk.com/mturk/manageHIT?HITId=37YYO3NWHDLPA4QAA9J8BGXEGA0CC2,3QAVNHZ3EN0X7DLBUALIXNT1MZJLAC,2,Submitted,Thu Mar 14 18:51:24 PDT 2019,Thu Mar 14 01:59:34 PDT 2019,Thu Mar 14 02:11:24 PDT 2019,,,,,,[],0.9931
2,ليس,fresh,chair,0.52,furniture,20,age,correct,gulf,correct,no,,0,Male,,english-arabic,,1,advanced,,Yes,incorrect,1,english,arabic,Windows,768,1366,Chrome,37YYO3NWHDLPA4QAA9J8BGXEGA0CC2,3FJMTJX97OKWRZTTAWFV40863PH6A9,حوارات عربية ,الإجابة عن أسئلة حول عبارات وصفية.,عربية لغة علم جامعة arabic تجربة,$0.50,Mon Mar 11 15:26:38 PDT 2019,9,6,0,2,Assignable,NotReviewed,1 cond,1800,60000,Wed Apr 10 15:26:38 PDT 2019,https://requester.mturk.com/mturk/manageHIT?HITId=37YYO3NWHDLPA4QAA9J8BGXEGA0CC2,3QAVNHZ3EN0X7DLBUALIXNT1MZJLAC,2,Submitted,Thu Mar 14 18:51:24 PDT 2019,Thu Mar 14 01:59:34 PDT 2019,Thu Mar 14 02:11:24 PDT 2019,,,,,,[],0.9931
2,,green,carrot,0.22,food,21,color,correct,gulf,correct,no,,0,Male,,english-arabic,,1,advanced,,Yes,incorrect,1,english,arabic,Windows,768,1366,Chrome,37YYO3NWHDLPA4QAA9J8BGXEGA0CC2,3FJMTJX97OKWRZTTAWFV40863PH6A9,حوارات عربية ,الإجابة عن أسئلة حول عبارات وصفية.,عربية لغة علم جامعة arabic تجربة,$0.50,Mon Mar 11 15:26:38 PDT 2019,9,6,0,2,Assignable,NotReviewed,1 cond,1800,60000,Wed Apr 10 15:26:38 PDT 2019,https://requester.mturk.com/mturk/manageHIT?HITId=37YYO3NWHDLPA4QAA9J8BGXEGA0CC2,3QAVNHZ3EN0X7DLBUALIXNT1MZJLAC,2,Submitted,Thu Mar 14 18:51:24 PDT 2019,Thu Mar 14 01:59:34 PDT 2019,Thu Mar 14 02:11:24 PDT 2019,,,,,,[],0.9931
2,ليس,square,cheese,0.75,food,22,shape,correct,gulf,correct,no,,0,Male,,english-arabic,,1,advanced,,Yes,incorrect,1,english,arabic,Windows,768,1366,Chrome,37YYO3NWHDLPA4QAA9J8BGXEGA0CC2,3FJMTJX97OKWRZTTAWFV40863PH6A9,حوارات عربية ,الإجابة عن أسئلة حول عبارات وصفية.,عربية لغة علم جامعة arabic تجربة,$0.50,Mon Mar 11 15:26:38 PDT 2019,9,6,0,2,Assignable,NotReviewed,1 cond,1800,60000,Wed Apr 10 15:26:38 PDT 2019,https://requester.mturk.com/mturk/manageHIT?HITId=37YYO3NWHDLPA4QAA9J8BGXEGA0CC2,3QAVNHZ3EN0X7DLBUALIXNT1MZJLAC,2,Submitted,Thu Mar 14 18:51:24 PDT 2019,Thu Mar 14 01:59:34 PDT 2019,Thu Mar 14 02:11:24 PDT 2019,,,,,,[],0.9931
2,,metal,TV,0.63,furniture,23,material,correct,gulf,correct,no,,0,Male,,english-arabic,,1,advanced,,Yes,incorrect,1,english,arabic,Windows,768,1366,Chrome,37YYO3NWHDLPA4QAA9J8BGXEGA0CC2,3FJMTJX97OKWRZTTAWFV40863PH6A9,حوارات عربية ,الإجابة عن أسئلة حول عبارات وصفية.,عربية لغة علم جامعة arabic تجربة,$0.50,Mon Mar 11 15:26:38 PDT 2019,9,6,0,2,Assignable,NotReviewed,1 cond,1800,60000,Wed Apr 10 15:26:38 PDT 2019,https://requester.mturk.com/mturk/manageHIT?HITId=37YYO3NWHDLPA4QAA9J8BGXEGA0CC2,3QAVNHZ3EN0X7DLBUALIXNT1MZJLAC,2,Submitted,Thu Mar 14 18:51:24 PDT 2019,Thu Mar 14 01:59:34 PDT 2019,Thu Mar 14 02:11:24 PDT 2019,,,,,,[],0.9931
2,,rotten,desk,0.6,furniture,24,age,correct,gulf,correct,no,,0,Male,,english-arabic,,1,advanced,,Yes,incorrect,1,english,arabic,Windows,768,1366,Chrome,37YYO3NWHDLPA4QAA9J8BGXEGA0CC2,3FJMTJX97OKWRZTTAWFV40863PH6A9,حوارات عربية ,الإجابة عن أسئلة حول عبارات وصفية.,عربية لغة علم جامعة arabic تجربة,$0.50,Mon Mar 11 15:26:38 PDT 2019,9,6,0,2,Assignable,NotReviewed,1 cond,1800,60000,Wed Apr 10 15:26:38 PDT 2019,https://requester.mturk.com/mturk/manageHIT?HITId=37YYO3NWHDLPA4QAA9J8BGXEGA0CC2,3QAVNHZ3EN0X7DLBUALIXNT1MZJLAC,2,Submitted,Thu Mar 14 18:51:24 PDT 2019,Thu Mar 14 01:59:34 PDT 2019,Thu Mar 14 02:11:24 PDT 2019,,,,,,[],0.9931
2,ليست,plastic,couch,0.41,furniture,25,material,correct,gulf,correct,no,,0,Male,,english-arabic,,1,advanced,,Yes,incorrect,1,english,arabic,Windows,768,1366,Chrome,37YYO3NWHDLPA4QAA9J8BGXEGA0CC2,3FJMTJX97OKWRZTTAWFV40863PH6A9,حوارات عربية ,الإجابة عن أسئلة حول عبارات وصفية.,عربية لغة علم جامعة arabic تجربة,$0.50,Mon Mar 11 15:26:38 PDT 2019,9,6,0,2,Assignable,NotReviewed,1 cond,1800,60000,Wed Apr 10 15:26:38 PDT 2019,https://requester.mturk.com/mturk/manageHIT?HITId=37YYO3NWHDLPA4QAA9J8BGXEGA0CC2,3QAVNHZ3EN0X7DLBUALIXNT1MZJLAC,2,Submitted,Thu Mar 14 18:51:24 PDT 2019,Thu Mar 14 01:59:34 PDT 2019,Thu Mar 14 02:11:24 PDT 2019,,,,,,[],0.9931
2,,good,cheese,0.6,food,26,quality,correct,gulf,correct,no,,0,Male,,english-arabic,,1,advanced,,Yes,incorrect,1,english,arabic,Windows,768,1366,Chrome,37YYO3NWHDLPA4QAA9J8BGXEGA0CC2,3FJMTJX97OKWRZTTAWFV40863PH6A9,حوارات عربية ,الإجابة عن أسئلة حول عبارات وصفية.,عربية لغة علم جامعة arabic تجربة,$0.50,Mon Mar 11 15:26:38 PDT 2019,9,6,0,2,Assignable,NotReviewed,1 cond,1800,60000,Wed Apr 10 15:26:38 PDT 2019,https://requester.mturk.com/mturk/manageHIT?HITId=37YYO3NWHDLPA4QAA9J8BGXEGA0CC2,3QAVNHZ3EN0X7DLBUALIXNT1MZJLAC,2,Submitted,Thu Mar 14 18:51:24 PDT 2019,Thu Mar 14 01:59:34 PDT 2019,Thu Mar 14 02:11:24 PDT 2019,,,,,,[],0.9931
2,ليس,short,TV,0.59,furniture,27,size,correct,gulf,correct,no,,0,Male,,english-arabic,,1,advanced,,Yes,incorrect,1,english,arabic,Windows,768,1366,Chrome,37YYO3NWHDLPA4QAA9J8BGXEGA0CC2,3FJMTJX97OKWRZTTAWFV40863PH6A9,حوارات عربية ,الإجابة عن أسئلة حول عبارات وصفية.,عربية لغة علم جامعة arabic تجربة,$0.50,Mon Mar 11 15:26:38 PDT 2019,9,6,0,2,Assignable,NotReviewed,1 cond,1800,60000,Wed Apr 10 15:26:38 PDT 2019,https://requester.mturk.com/mturk/manageHIT?HITId=37YYO3NWHDLPA4QAA9J8BGXEGA0CC2,3QAVNHZ3EN0X7DLBUALIXNT1MZJLAC,2,Submitted,Thu Mar 14 18:51:24 PDT 2019,Thu Mar 14 01:59:34 PDT 2019,Thu Mar 14 02:11:24 PDT 2019,,,,,,[],0.9931
