,catch_trials,subject_information_age,subject_information_assess,subject_information_gender,subject_information_language,system_Browser,system_OS,system_screenH,system_screenW,time_in_minutes,trials0_class1,trials0_class2,trials0_noun,trials0_nounclass,trials0_predicate1,trials0_predicate2,trials0_response,trials0_slide_number,trials1_class1,trials1_class2,trials1_noun,trials1_nounclass,trials1_predicate1,trials1_predicate2,trials1_response,trials1_slide_number,trials2_class1,trials2_class2,trials2_noun,trials2_nounclass,trials2_predicate1,trials2_predicate2,trials2_response,trials2_slide_number,trials3_class1,trials3_class2,trials3_noun,trials3_nounclass,trials3_predicate1,trials3_predicate2,trials3_response,trials3_slide_number,trials4_class1,trials4_class2,trials4_noun,trials4_nounclass,trials4_predicate1,trials4_predicate2,trials4_response,trials4_slide_number,trials5_class1,trials5_class2,trials5_noun,trials5_nounclass,trials5_predicate1,trials5_predicate2,trials5_response,trials5_slide_number,trials6_class1,trials6_class2,trials6_noun,trials6_nounclass,trials6_predicate1,trials6_predicate2,trials6_response,trials6_slide_number,trials7_class1,trials7_class2,trials7_noun,trials7_nounclass,trials7_predicate1,trials7_predicate2,trials7_response,trials7_slide_number,trials8_class1,trials8_class2,trials8_noun,trials8_nounclass,trials8_predicate1,trials8_predicate2,trials8_response,trials8_slide_number,trials9_class1,trials9_class2,trials9_noun,trials9_nounclass,trials9_predicate1,trials9_predicate2,trials9_response,trials9_slide_number,trials_class1,trials_class2,trials_noun,trials_nounclass,trials_predicate1,trials_predicate1.Class,trials_predicate1.FemPredicate,trials_predicate1.Predicate,trials_predicate1_Class,trials_predicate1_FemPredicate,trials_predicate1_Predicate,trials_predicate2,trials_predicate2.Class,trials_predicate2.FemPredicate,trials_predicate2.Predicate,trials_predicate2_Class,trials_predicate2_FemPredicate,trials_predicate2_Predicate,trials_response,trials_slide_number
0,[],,,,greg0,Safari,Mac,900,1440,0.2205,,,,,,,,,,,,,,,,,,,,,,,,,,,,,,,,,,,,,,,,,,,,,,,,,,,,,,,,,,,,,,,,,,,,,,,,,,,,,,,,,age,size,שולחן,furniture,,age,טריה,טרי,,,,,size,קצרה,קצר,,,,0.63,3.0
1,[],,,,greg0,Safari,Mac,900,1440,0.2205,,,,,,,,,,,,,,,,,,,,,,,,,,,,,,,,,,,,,,,,,,,,,,,,,,,,,,,,,,,,,,,,,,,,,,,,,,,,,,,,,quality,color,גבינה,food,,quality,גרועה,גרוע,,,,,color,כחולה,כחול,,,,0.33,4.0
0,[],,Yes,,GREG1,Safari,Mac,1440,2560,0.29165,,,,,,,,,,,,,,,,,,,,,,,,,,,,,,,,,,,,,,,,,,,,,,,,,,,,,,,,,,,,,,,,,,,,,,,,,,,,,,,,,texture,shape,עגבניה,food,,texture,קשה,קשה,,,,,shape,עגולה,עגול,,,,0.19,3.0
1,[],,Yes,,GREG1,Safari,Mac,1440,2560,0.29165,,,,,,,,,,,,,,,,,,,,,,,,,,,,,,,,,,,,,,,,,,,,,,,,,,,,,,,,,,,,,,,,,,,,,,,,,,,,,,,,,quality,size,שולחן,furniture,,quality,גרועה,גרוע,,,,,size,גדולה,גדול,,,,0.67,4.0
0,[],,,,GREG2,Safari,Mac,1440,2560,0.286,,,,,,,,,,,,,,,,,,,,,,,,,,,,,,,,,,,,,,,,,,,,,,,,,,,,,,,,,,,,,,,,,,,,,,,,,,,,,,,,,texture,size,גזר,food,,texture,קשה,קשה,,,,,size,קטנה,קטן,,,,0.25,3.0
1,[],,,,GREG2,Safari,Mac,1440,2560,0.286,,,,,,,,,,,,,,,,,,,,,,,,,,,,,,,,,,,,,,,,,,,,,,,,,,,,,,,,,,,,,,,,,,,,,,,,,,,,,,,,,texture,age,טלוויזיה,furniture,,texture,חלקה,חלק,,,,,age,ישנה,ישן,,,,0.59,4.0
0,[],,,,GREG2,Safari,Mac,1440,2560,0.4183,,,,,,,,,,,,,,,,,,,,,,,,,,,,,,,,,,,,,,,,,,,,,,,,,,,,,,,,,,,,,,,,,,,,,,,,,,,,,,,,,nationality,quality,טלוויזיה,furniture,,nationality,צרפתית,צרפתי,,,,,quality,גרועה,גרוע,,,,0.27,3.0
1,[],,,,GREG2,Safari,Mac,1440,2560,0.4183,,,,,,,,,,,,,,,,,,,,,,,,,,,,,,,,,,,,,,,,,,,,,,,,,,,,,,,,,,,,,,,,,,,,,,,,,,,,,,,,,age,color,גבינה,food,,age,חדשה,חדש,,,,,color,כחולה,כחול,,,,0.62,4.0
0,[],,,,GREG3,Safari,Mac,1440,2560,0.18861666666666665,,,,,,,,,,,,,,,,,,,,,,,,,,,,,,,,,,,,,,,,,,,,,,,,,,,,,,,,,,,,,,,,,,,,,,,,,,,,,,,,,size,color,בננה,food,,size,ענקית,ענק,,,,,color,חומה,חום,,,,0.2,3.0
1,[],,,,GREG3,Safari,Mac,1440,2560,0.18861666666666665,,,,,,,,,,,,,,,,,,,,,,,,,,,,,,,,,,,,,,,,,,,,,,,,,,,,,,,,,,,,,,,,,,,,,,,,,,,,,,,,,nationality,color,שולחן,furniture,,nationality,ספרדית,ספרדי,,,,,color,צהובה,צהוב,,,,0.64,4.0
0,[],,,,GREG4,Chrome,Mac,1440,2560,0.33918333333333334,,,,,,,,,,,,,,,,,,,,,,,,,,,,,,,,,,,,,,,,,,,,,,,,,,,,,,,,,,,,,,,,,,,,,,,,,,,,,,,,,shape,texture,מאוורר,furniture,עגול,,,,,,,חלק,,,,,,,0.75,3.0
1,[],,,,GREG4,Chrome,Mac,1440,2560,0.33918333333333334,,,,,,,,,,,,,,,,,,,,,,,,,,,,,,,,,,,,,,,,,,,,,,,,,,,,,,,,,,,,,,,,,,,,,,,,,,,,,,,,,age,nationality,שולחן,furniture,רקוב,,,,,,,ספרדי,,,,,,,0.37,4.0
0,[],,,,GREG5,Safari,Mac,1440,2560,0.2185,,,,,,,,,,,,,,,,,,,,,,,,,,,,,,,,,,,,,,,,,,,,,,,,,,,,,,,,,,,,,,,,,,,,,,,,,,,,,,,,,color,quality,טלוויזיה,furniture,,color,חומה,חום,,,,,quality,טובה,טוב,,,,0.33,3.0
1,[],,,,GREG5,Safari,Mac,1440,2560,0.2185,,,,,,,,,,,,,,,,,,,,,,,,,,,,,,,,,,,,,,,,,,,,,,,,,,,,,,,,,,,,,,,,,,,,,,,,,,,,,,,,,color,age,כיסא,furniture,,color,ירוקה,ירוק,,,,,age,טריה,טרי,,,,0.68,4.0
0,[],,,,GREG6,Safari,Mac,1440,2560,0.21785,,,,,,,,,,,,,,,,,,,,,,,,,,,,,,,,,,,,,,,,,,,,,,,,,,,,,,,,,,,,,,,,,,,,,,,,,,,,,,,,,texture,color,כיסא,furniture,,texture,רכה,רך,,,,,color,צהובה,צהוב,,,,0.46,3.0
1,[],,,,GREG6,Safari,Mac,1440,2560,0.21785,,,,,,,,,,,,,,,,,,,,,,,,,,,,,,,,,,,,,,,,,,,,,,,,,,,,,,,,,,,,,,,,,,,,,,,,,,,,,,,,,age,color,מאוורר,furniture,,age,ישנה,ישן,,,,,color,חומה,חום,,,,0.73,4.0
0,[],,,,GREG7,Chrome,Mac,1440,2560,0.32475,,,,,,,,,,,,,,,,,,,,,,,,,,,,,,,,,,,,,,,,,,,,,,,,,,,,,,,,,,,,,,,,,,,,,,,,,,,,,,,,,age,nationality,עגבניה,food,רקוב,,,,,,,אמריקני,,,,,,,0.32,3.0
1,[],,,,GREG7,Chrome,Mac,1440,2560,0.32475,,,,,,,,,,,,,,,,,,,,,,,,,,,,,,,,,,,,,,,,,,,,,,,,,,,,,,,,,,,,,,,,,,,,,,,,,,,,,,,,,nationality,size,שולחן,furniture,ספרדי,,,,,,,גדול,,,,,,,0.66,4.0
0,[],,,,GREG8,Chrome,Mac,1440,2560,0.16543333333333332,,,,,,,,,,,,,,,,,,,,,,,,,,,,,,,,,,,,,,,,,,,,,,,,,,,,,,,,,,,,,,,,,,,,,,,,,,,,,,,,,nationality,quality,שולחן,furniture,ספרדי,,,,,,,גרוע,,,,,,,0.39,3.0
1,[],,,,GREG8,Chrome,Mac,1440,2560,0.16543333333333332,,,,,,,,,,,,,,,,,,,,,,,,,,,,,,,,,,,,,,,,,,,,,,,,,,,,,,,,,,,,,,,,,,,,,,,,,,,,,,,,,color,quality,מאוורר,furniture,כחול,,,,,,,גרוע,,,,,,,0.64,4.0
0,[],,,,,Safari,Mac,1440,2560,1010.8929833333333,,,,,,,,,,,,,,,,,,,,,,,,,,,,,,,,,,,,,,,,,,,,,,,,,,,,,,,,,,,,,,,,,,,,,,,,,,,,,,,,,age,shape,ספה,furniture,,age,טריה,טרי,,,,,shape,עגולה,עגול,,,,0.35,3.0
1,[],,,,,Safari,Mac,1440,2560,1010.8929833333333,,,,,,,,,,,,,,,,,,,,,,,,,,,,,,,,,,,,,,,,,,,,,,,,,,,,,,,,,,,,,,,,,,,,,,,,,,,,,,,,,age,texture,עגבניה,food,,age,טריה,טרי,,,,,texture,חלקה,חלק,,,,0.61,4.0
0,[],,,,,Safari,Mac,1440,2560,0.5335666666666666,,,,,,,,,,,,,,,,,,,,,,,,,,,,,,,,,,,,,,,,,,,,,,,,,,,,,,,,,,,,,,,,,,,,,,,,,,,,,,,,,color,shape,מאוורר,furniture,,color,אדומה,אדום,,,,,shape,מרובעת,מרובע,,,,0.15,3.0
1,[],,,,,Safari,Mac,1440,2560,0.5335666666666666,,,,,,,,,,,,,,,,,,,,,,,,,,,,,,,,,,,,,,,,,,,,,,,,,,,,,,,,,,,,,,,,,,,,,,,,,,,,,,,,,color,size,עגבניה,food,,color,סגולה,סגול,,,,,size,קטנה,קטן,,,,0.84,4.0
2,[],,,,,Safari,Mac,1440,2560,0.5335666666666666,,,,,,,,,,,,,,,,,,,,,,,,,,,,,,,,,,,,,,,,,,,,,,,,,,,,,,,,,,,,,,,,,,,,,,,,,,,,,,,,,texture,nationality,טלוויזיה,furniture,,texture,רכה,רך,,,,,nationality,צרפתית,צרפתי,,,,0.39,5.0
0,[],,,,GREG11,Safari,an unknown OS,1024,768,0.8611333333333333,,,,,,,,,,,,,,,,,,,,,,,,,,,,,,,,,,,,,,,,,,,,,,,,,,,,,,,,,,,,,,,,,,,,,,,,,,,,,,,,,color,size,ספה,furniture,חום,,,,,,,ארוך,,,,,,,0.78,3.0
1,[],,,,GREG11,Safari,an unknown OS,1024,768,0.8611333333333333,,,,,,,,,,,,,,,,,,,,,,,,,,,,,,,,,,,,,,,,,,,,,,,,,,,,,,,,,,,,,,,,,,,,,,,,,,,,,,,,,size,texture,תפוח,food,פצפון,,,,,,,קשה,,,,,,,0.39,4.0
2,[],,,,GREG11,Safari,an unknown OS,1024,768,0.8611333333333333,,,,,,,,,,,,,,,,,,,,,,,,,,,,,,,,,,,,,,,,,,,,,,,,,,,,,,,,,,,,,,,,,,,,,,,,,,,,,,,,,,,,,,,,,,,,,,,,,,,,
3,[],,,,GREG11,Safari,an unknown OS,1024,768,0.8611333333333333,,,,,,,,,,,,,,,,,,,,,,,,,,,,,,,,,,,,,,,,,,,,,,,,,,,,,,,,,,,,,,,,,,,,,,,,,,,,,,,,,size,age,טלוויזיה,furniture,גדול,,,,,,,רקוב,,,,,,,0.64,5.0
4,[],,,,GREG11,Safari,an unknown OS,1024,768,0.8611333333333333,,,,,,,,,,,,,,,,,,,,,,,,,,,,,,,,,,,,,,,,,,,,,,,,,,,,,,,,,,,,,,,,,,,,,,,,,,,,,,,,,quality,shape,שולחן,furniture,טוב,,,,,,,מרובע,,,,,,,0.28,6.0
5,[],,,,GREG11,Safari,an unknown OS,1024,768,0.8611333333333333,,,,,,,,,,,,,,,,,,,,,,,,,,,,,,,,,,,,,,,,,,,,,,,,,,,,,,,,,,,,,,,,,,,,,,,,,,,,,,,,,texture,nationality,ספה,furniture,חלק,,,,,,,ספרדי,,,,,,,0.82,7.0
6,[],,,,GREG11,Safari,an unknown OS,1024,768,0.8611333333333333,,,,,,,,,,,,,,,,,,,,,,,,,,,,,,,,,,,,,,,,,,,,,,,,,,,,,,,,,,,,,,,,,,,,,,,,,,,,,,,,,shape,quality,טלוויזיה,furniture,מרובע,,,,,,,טוב,,,,,,,0.41,8.0
7,[],,,,GREG11,Safari,an unknown OS,1024,768,0.8611333333333333,,,,,,,,,,,,,,,,,,,,,,,,,,,,,,,,,,,,,,,,,,,,,,,,,,,,,,,,,,,,,,,,,,,,,,,,,,,,,,,,,color,size,תפוח,food,צהוב,,,,,,,קטן,,,,,,,0.71,9.0
8,[],,,,GREG11,Safari,an unknown OS,1024,768,0.8611333333333333,,,,,,,,,,,,,,,,,,,,,,,,,,,,,,,,,,,,,,,,,,,,,,,,,,,,,,,,,,,,,,,,,,,,,,,,,,,,,,,,,age,color,כיסא,furniture,טרי,,,,,,,כחול,,,,,,,0.34,10.0
9,[],,,,GREG11,Safari,an unknown OS,1024,768,0.8611333333333333,,,,,,,,,,,,,,,,,,,,,,,,,,,,,,,,,,,,,,,,,,,,,,,,,,,,,,,,,,,,,,,,,,,,,,,,,,,,,,,,,color,age,בננה,food,צהוב,,,,,,,ישן,,,,,,,0.54,11.0
10,[],,,,GREG11,Safari,an unknown OS,1024,768,0.8611333333333333,,,,,,,,,,,,,,,,,,,,,,,,,,,,,,,,,,,,,,,,,,,,,,,,,,,,,,,,,,,,,,,,,,,,,,,,,,,,,,,,,size,age,גזר,food,קטן,,,,,,,רקוב,,,,,,,0.33,28.0
0,[],,,,GREG12,Safari,Mac,1440,2560,0.26898333333333335,,,,,,,,,,,,,,,,,,,,,,,,,,,,,,,,,,,,,,,,,,,,,,,,,,,,,,,,,,,,,,,,,,,,,,,,,,,,,,,,,size,color,בננה,food,קצר,,,,,,,צהוב,,,,,,,0.39,3.0
1,[],,,,GREG12,Safari,Mac,1440,2560,0.26898333333333335,,,,,,,,,,,,,,,,,,,,,,,,,,,,,,,,,,,,,,,,,,,,,,,,,,,,,,,,,,,,,,,,,,,,,,,,,,,,,,,,,size,age,גזר,food,קצר,,,,,,,רקוב,,,,,,,0.69,4.0
0,[],,,,GREG13,Safari,Mac,1440,2560,1.8571166666666667,,,,,,,,,,,,,,,,,,,,,,,,,,,,,,,,,,,,,,,,,,,,,,,,,,,,,,,,,,,,,,,,,,,,,,,,,,,,,,,,,texture,size,תפוח,food,רך,,,,,,,גדול,,,,,,,0.51,3.0
1,[],,,,GREG13,Safari,Mac,1440,2560,1.8571166666666667,,,,,,,,,,,,,,,,,,,,,,,,,,,,,,,,,,,,,,,,,,,,,,,,,,,,,,,,,,,,,,,,,,,,,,,,,,,,,,,,,size,color,מאוורר,furniture,פצפון,,,,,,,צהוב,,,,,,,0.16,4.0
0,[],45,Yes,Female,עברית,Chrome,Linux,732,412,1.78075,,,,,,,,,,,,,,,,,,,,,,,,,,,,,,,,,,,,,,,,,,,,,,,,,,,,,,,,,,,,,,,,,,,,,,,,,,,,,,,,,nationality,quality,שולחן,furniture,ספרדי,,,,,,,גרוע,,,,,,,0.96,3.0
1,[],45,Yes,Female,עברית,Chrome,Linux,732,412,1.78075,,,,,,,,,,,,,,,,,,,,,,,,,,,,,,,,,,,,,,,,,,,,,,,,,,,,,,,,,,,,,,,,,,,,,,,,,,,,,,,,,nationality,texture,גבינה,food,אמריקני,,,,,,,רך,,,,,,,0.95,4.0
2,[],45,Yes,Female,עברית,Chrome,Linux,732,412,1.78075,,,,,,,,,,,,,,,,,,,,,,,,,,,,,,,,,,,,,,,,,,,,,,,,,,,,,,,,,,,,,,,,,,,,,,,,,,,,,,,,,,,,,,,,,,,,,,,,,,,,
3,[],45,Yes,Female,עברית,Chrome,Linux,732,412,1.78075,,,,,,,,,,,,,,,,,,,,,,,,,,,,,,,,,,,,,,,,,,,,,,,,,,,,,,,,,,,,,,,,,,,,,,,,,,,,,,,,,shape,nationality,טלוויזיה,furniture,מרובע,,,,,,,ספרדי,,,,,,,0.95,5.0
4,[],45,Yes,Female,עברית,Chrome,Linux,732,412,1.78075,,,,,,,,,,,,,,,,,,,,,,,,,,,,,,,,,,,,,,,,,,,,,,,,,,,,,,,,,,,,,,,,,,,,,,,,,,,,,,,,,shape,age,תפוח,food,עגול,,,,,,,רקוב,,,,,,,0.01,6.0
5,[],45,Yes,Female,עברית,Chrome,Linux,732,412,1.78075,,,,,,,,,,,,,,,,,,,,,,,,,,,,,,,,,,,,,,,,,,,,,,,,,,,,,,,,,,,,,,,,,,,,,,,,,,,,,,,,,age,shape,מאוורר,furniture,חדש,,,,,,,עגול,,,,,,,0.02,7.0
6,[],45,Yes,Female,עברית,Chrome,Linux,732,412,1.78075,,,,,,,,,,,,,,,,,,,,,,,,,,,,,,,,,,,,,,,,,,,,,,,,,,,,,,,,,,,,,,,,,,,,,,,,,,,,,,,,,shape,quality,טלוויזיה,furniture,מרובע,,,,,,,טוב,,,,,,,0.0,8.0
7,[],45,Yes,Female,עברית,Chrome,Linux,732,412,1.78075,,,,,,,,,,,,,,,,,,,,,,,,,,,,,,,,,,,,,,,,,,,,,,,,,,,,,,,,,,,,,,,,,,,,,,,,,,,,,,,,,size,color,גזר,food,קטן,,,,,,,צהוב,,,,,,,0.0,9.0
8,[],45,Yes,Female,עברית,Chrome,Linux,732,412,1.78075,,,,,,,,,,,,,,,,,,,,,,,,,,,,,,,,,,,,,,,,,,,,,,,,,,,,,,,,,,,,,,,,,,,,,,,,,,,,,,,,,texture,size,גזר,food,קשה,,,,,,,קטן,,,,,,,0.98,10.0
9,[],45,Yes,Female,עברית,Chrome,Linux,732,412,1.78075,,,,,,,,,,,,,,,,,,,,,,,,,,,,,,,,,,,,,,,,,,,,,,,,,,,,,,,,,,,,,,,,,,,,,,,,,,,,,,,,,size,quality,עגבניה,food,ענק,,,,,,,גרוע,,,,,,,0.99,11.0
10,[],45,Yes,Female,עברית,Chrome,Linux,732,412,1.78075,,,,,,,,,,,,,,,,,,,,,,,,,,,,,,,,,,,,,,,,,,,,,,,,,,,,,,,,,,,,,,,,,,,,,,,,,,,,,,,,,color,nationality,בננה,food,אדום,,,,,,,אמריקני,,,,,,,0.07,28.0
0,[],37,Yes,Female,עברית ,Chrome,Linux,740,360,2.1105666666666667,,,,,,,,,,,,,,,,,,,,,,,,,,,,,,,,,,,,,,,,,,,,,,,,,,,,,,,,,,,,,,,,,,,,,,,,,,,,,,,,,age,color,תפוח,food,טרי,,,,,,,צהוב,,,,,,,0.09,3.0
1,[],37,Yes,Female,עברית ,Chrome,Linux,740,360,2.1105666666666667,,,,,,,,,,,,,,,,,,,,,,,,,,,,,,,,,,,,,,,,,,,,,,,,,,,,,,,,,,,,,,,,,,,,,,,,,,,,,,,,,age,color,בננה,food,טרי,,,,,,,סגול,,,,,,,0.11,4.0
2,[],37,Yes,Female,עברית ,Chrome,Linux,740,360,2.1105666666666667,,,,,,,,,,,,,,,,,,,,,,,,,,,,,,,,,,,,,,,,,,,,,,,,,,,,,,,,,,,,,,,,,,,,,,,,,,,,,,,,,,,,,,,,,,,,,,,,,,,,
3,[],37,Yes,Female,עברית ,Chrome,Linux,740,360,2.1105666666666667,,,,,,,,,,,,,,,,,,,,,,,,,,,,,,,,,,,,,,,,,,,,,,,,,,,,,,,,,,,,,,,,,,,,,,,,,,,,,,,,,texture,age,מאוורר,furniture,חלק,,,,,,,רקוב,,,,,,,0.55,5.0
4,[],37,Yes,Female,עברית ,Chrome,Linux,740,360,2.1105666666666667,,,,,,,,,,,,,,,,,,,,,,,,,,,,,,,,,,,,,,,,,,,,,,,,,,,,,,,,,,,,,,,,,,,,,,,,,,,,,,,,,age,shape,שולחן,furniture,רקוב,,,,,,,מרובע,,,,,,,0.18,6.0
5,[],37,Yes,Female,עברית ,Chrome,Linux,740,360,2.1105666666666667,,,,,,,,,,,,,,,,,,,,,,,,,,,,,,,,,,,,,,,,,,,,,,,,,,,,,,,,,,,,,,,,,,,,,,,,,,,,,,,,,size,texture,שולחן,furniture,פצפון,,,,,,,קשה,,,,,,,0.79,7.0
6,[],37,Yes,Female,עברית ,Chrome,Linux,740,360,2.1105666666666667,,,,,,,,,,,,,,,,,,,,,,,,,,,,,,,,,,,,,,,,,,,,,,,,,,,,,,,,,,,,,,,,,,,,,,,,,,,,,,,,,size,shape,מאוורר,furniture,ארוך,,,,,,,מרובע,,,,,,,0.85,8.0
7,[],37,Yes,Female,עברית ,Chrome,Linux,740,360,2.1105666666666667,,,,,,,,,,,,,,,,,,,,,,,,,,,,,,,,,,,,,,,,,,,,,,,,,,,,,,,,,,,,,,,,,,,,,,,,,,,,,,,,,color,texture,בננה,food,צהוב,,,,,,,רך,,,,,,,0.15,9.0
8,[],37,Yes,Female,עברית ,Chrome,Linux,740,360,2.1105666666666667,,,,,,,,,,,,,,,,,,,,,,,,,,,,,,,,,,,,,,,,,,,,,,,,,,,,,,,,,,,,,,,,,,,,,,,,,,,,,,,,,size,quality,טלוויזיה,furniture,קצר,,,,,,,טוב,,,,,,,0.26,10.0
9,[],37,Yes,Female,עברית ,Chrome,Linux,740,360,2.1105666666666667,,,,,,,,,,,,,,,,,,,,,,,,,,,,,,,,,,,,,,,,,,,,,,,,,,,,,,,,,,,,,,,,,,,,,,,,,,,,,,,,,size,shape,ספה,furniture,פצפון,,,,,,,מרובע,,,,,,,0.74,11.0
10,[],37,Yes,Female,עברית ,Chrome,Linux,740,360,2.1105666666666667,,,,,,,,,,,,,,,,,,,,,,,,,,,,,,,,,,,,,,,,,,,,,,,,,,,,,,,,,,,,,,,,,,,,,,,,,,,,,,,,,color,size,כיסא,furniture,סגול,,,,,,,גדול,,,,,,,0.72,28.0
0,[],22,Yes,Female,עברית,Chrome,Windows,720,1280,2.0828333333333333,,,,,,,,,,,,,,,,,,,,,,,,,,,,,,,,,,,,,,,,,,,,,,,,,,,,,,,,,,,,,,,,,,,,,,,,,,,,,,,,,quality,color,טלוויזיה,furniture,טוב,,,,,,,צהוב,,,,,,,0.0,3.0
1,[],22,Yes,Female,עברית,Chrome,Windows,720,1280,2.0828333333333333,,,,,,,,,,,,,,,,,,,,,,,,,,,,,,,,,,,,,,,,,,,,,,,,,,,,,,,,,,,,,,,,,,,,,,,,,,,,,,,,,quality,size,גזר,food,גרוע,,,,,,,ארוך,,,,,,,0.03,4.0
2,[],22,Yes,Female,עברית,Chrome,Windows,720,1280,2.0828333333333333,,,,,,,,,,,,,,,,,,,,,,,,,,,,,,,,,,,,,,,,,,,,,,,,,,,,,,,,,,,,,,,,,,,,,,,,,,,,,,,,,,,,,,,,,,,,,,,,,,,,
3,[],22,Yes,Female,עברית,Chrome,Windows,720,1280,2.0828333333333333,,,,,,,,,,,,,,,,,,,,,,,,,,,,,,,,,,,,,,,,,,,,,,,,,,,,,,,,,,,,,,,,,,,,,,,,,,,,,,,,,size,nationality,שולחן,furniture,קטן,,,,,,,אמריקני,,,,,,,0.01,5.0
4,[],22,Yes,Female,עברית,Chrome,Windows,720,1280,2.0828333333333333,,,,,,,,,,,,,,,,,,,,,,,,,,,,,,,,,,,,,,,,,,,,,,,,,,,,,,,,,,,,,,,,,,,,,,,,,,,,,,,,,shape,color,טלוויזיה,furniture,מרובע,,,,,,,ירוק,,,,,,,0.95,6.0
5,[],22,Yes,Female,עברית,Chrome,Windows,720,1280,2.0828333333333333,,,,,,,,,,,,,,,,,,,,,,,,,,,,,,,,,,,,,,,,,,,,,,,,,,,,,,,,,,,,,,,,,,,,,,,,,,,,,,,,,texture,quality,מאוורר,furniture,קשה,,,,,,,גרוע,,,,,,,0.98,7.0
6,[],22,Yes,Female,עברית,Chrome,Windows,720,1280,2.0828333333333333,,,,,,,,,,,,,,,,,,,,,,,,,,,,,,,,,,,,,,,,,,,,,,,,,,,,,,,,,,,,,,,,,,,,,,,,,,,,,,,,,nationality,color,שולחן,furniture,אמריקני,,,,,,,חום,,,,,,,0.92,8.0
7,[],22,Yes,Female,עברית,Chrome,Windows,720,1280,2.0828333333333333,,,,,,,,,,,,,,,,,,,,,,,,,,,,,,,,,,,,,,,,,,,,,,,,,,,,,,,,,,,,,,,,,,,,,,,,,,,,,,,,,nationality,color,גזר,food,אמריקני,,,,,,,כחול,,,,,,,0.97,9.0
8,[],22,Yes,Female,עברית,Chrome,Windows,720,1280,2.0828333333333333,,,,,,,,,,,,,,,,,,,,,,,,,,,,,,,,,,,,,,,,,,,,,,,,,,,,,,,,,,,,,,,,,,,,,,,,,,,,,,,,,size,age,עגבניה,food,גדול,,,,,,,טרי,,,,,,,0.03,10.0
9,[],22,Yes,Female,עברית,Chrome,Windows,720,1280,2.0828333333333333,,,,,,,,,,,,,,,,,,,,,,,,,,,,,,,,,,,,,,,,,,,,,,,,,,,,,,,,,,,,,,,,,,,,,,,,,,,,,,,,,age,color,מאוורר,furniture,טרי,,,,,,,חום,,,,,,,0.0,11.0
10,[],22,Yes,Female,עברית,Chrome,Windows,720,1280,2.0828333333333333,,,,,,,,,,,,,,,,,,,,,,,,,,,,,,,,,,,,,,,,,,,,,,,,,,,,,,,,,,,,,,,,,,,,,,,,,,,,,,,,,shape,color,מאוורר,furniture,מרובע,,,,,,,כחול,,,,,,,0.97,28.0
0,[],29,Yes,Male,עברית,Chrome,Windows,1080,1920,4.140883333333333,,,,,,,,,,,,,,,,,,,,,,,,,,,,,,,,,,,,,,,,,,,,,,,,,,,,,,,,,,,,,,,,,,,,,,,,,,,,,,,,,nationality,color,טלוויזיה,furniture,ספרדי,,,,,,,אדום,,,,,,,0.07,3.0
1,[],29,Yes,Male,עברית,Chrome,Windows,1080,1920,4.140883333333333,,,,,,,,,,,,,,,,,,,,,,,,,,,,,,,,,,,,,,,,,,,,,,,,,,,,,,,,,,,,,,,,,,,,,,,,,,,,,,,,,size,nationality,שולחן,furniture,קטן,,,,,,,אמריקני,,,,,,,0.16,4.0
2,[],29,Yes,Male,עברית,Chrome,Windows,1080,1920,4.140883333333333,,,,,,,,,,,,,,,,,,,,,,,,,,,,,,,,,,,,,,,,,,,,,,,,,,,,,,,,,,,,,,,,,,,,,,,,,,,,,,,,,,,,,,,,,,,,,,,,,,,,
3,[],29,Yes,Male,עברית,Chrome,Windows,1080,1920,4.140883333333333,,,,,,,,,,,,,,,,,,,,,,,,,,,,,,,,,,,,,,,,,,,,,,,,,,,,,,,,,,,,,,,,,,,,,,,,,,,,,,,,,nationality,color,כיסא,furniture,ספרדי,,,,,,,חום,,,,,,,0.84,5.0
4,[],29,Yes,Male,עברית,Chrome,Windows,1080,1920,4.140883333333333,,,,,,,,,,,,,,,,,,,,,,,,,,,,,,,,,,,,,,,,,,,,,,,,,,,,,,,,,,,,,,,,,,,,,,,,,,,,,,,,,size,quality,כיסא,furniture,קצר,,,,,,,טוב,,,,,,,0.14,6.0
5,[],29,Yes,Male,עברית,Chrome,Windows,1080,1920,4.140883333333333,,,,,,,,,,,,,,,,,,,,,,,,,,,,,,,,,,,,,,,,,,,,,,,,,,,,,,,,,,,,,,,,,,,,,,,,,,,,,,,,,nationality,size,שולחן,furniture,ספרדי,,,,,,,ארוך,,,,,,,0.16,7.0
6,[],29,Yes,Male,עברית,Chrome,Windows,1080,1920,4.140883333333333,,,,,,,,,,,,,,,,,,,,,,,,,,,,,,,,,,,,,,,,,,,,,,,,,,,,,,,,,,,,,,,,,,,,,,,,,,,,,,,,,nationality,texture,גזר,food,צרפתי,,,,,,,חלק,,,,,,,0.14,8.0
7,[],29,Yes,Male,עברית,Chrome,Windows,1080,1920,4.140883333333333,,,,,,,,,,,,,,,,,,,,,,,,,,,,,,,,,,,,,,,,,,,,,,,,,,,,,,,,,,,,,,,,,,,,,,,,,,,,,,,,,quality,size,גזר,food,טוב,,,,,,,ענק,,,,,,,0.34,9.0
8,[],29,Yes,Male,עברית,Chrome,Windows,1080,1920,4.140883333333333,,,,,,,,,,,,,,,,,,,,,,,,,,,,,,,,,,,,,,,,,,,,,,,,,,,,,,,,,,,,,,,,,,,,,,,,,,,,,,,,,texture,color,שולחן,furniture,חלק,,,,,,,אדום,,,,,,,0.0,10.0
9,[],29,Yes,Male,עברית,Chrome,Windows,1080,1920,4.140883333333333,,,,,,,,,,,,,,,,,,,,,,,,,,,,,,,,,,,,,,,,,,,,,,,,,,,,,,,,,,,,,,,,,,,,,,,,,,,,,,,,,texture,age,ספה,furniture,קשה,,,,,,,חדש,,,,,,,0.13,11.0
10,[],29,Yes,Male,עברית,Chrome,Windows,1080,1920,4.140883333333333,,,,,,,,,,,,,,,,,,,,,,,,,,,,,,,,,,,,,,,,,,,,,,,,,,,,,,,,,,,,,,,,,,,,,,,,,,,,,,,,,size,color,טלוויזיה,furniture,גדול,,,,,,,חום,,,,,,,0.12,28.0
0,[],22,Yes,Female,עברית,Chrome,Windows,1080,1920,1.6955333333333333,,,,,,,,,,,,,,,,,,,,,,,,,,,,,,,,,,,,,,,,,,,,,,,,,,,,,,,,,,,,,,,,,,,,,,,,,,,,,,,,,size,color,גזר,food,פצפון,,,,,,,חום,,,,,,,0.06,3.0
1,[],22,Yes,Female,עברית,Chrome,Windows,1080,1920,1.6955333333333333,,,,,,,,,,,,,,,,,,,,,,,,,,,,,,,,,,,,,,,,,,,,,,,,,,,,,,,,,,,,,,,,,,,,,,,,,,,,,,,,,size,nationality,גבינה,food,ארוך,,,,,,,ספרדי,,,,,,,0.13,4.0
2,[],22,Yes,Female,עברית,Chrome,Windows,1080,1920,1.6955333333333333,,,,,,,,,,,,,,,,,,,,,,,,,,,,,,,,,,,,,,,,,,,,,,,,,,,,,,,,,,,,,,,,,,,,,,,,,,,,,,,,,,,,,,,,,,,,,,,,,,,,
3,[],22,Yes,Female,עברית,Chrome,Windows,1080,1920,1.6955333333333333,,,,,,,,,,,,,,,,,,,,,,,,,,,,,,,,,,,,,,,,,,,,,,,,,,,,,,,,,,,,,,,,,,,,,,,,,,,,,,,,,age,size,כיסא,furniture,ישן,,,,,,,קטן,,,,,,,0.82,5.0
4,[],22,Yes,Female,עברית,Chrome,Windows,1080,1920,1.6955333333333333,,,,,,,,,,,,,,,,,,,,,,,,,,,,,,,,,,,,,,,,,,,,,,,,,,,,,,,,,,,,,,,,,,,,,,,,,,,,,,,,,size,texture,כיסא,furniture,ארוך,,,,,,,רך,,,,,,,0.92,6.0
5,[],22,Yes,Female,עברית,Chrome,Windows,1080,1920,1.6955333333333333,,,,,,,,,,,,,,,,,,,,,,,,,,,,,,,,,,,,,,,,,,,,,,,,,,,,,,,,,,,,,,,,,,,,,,,,,,,,,,,,,quality,color,בננה,food,טוב,,,,,,,סגול,,,,,,,0.06,7.0
6,[],22,Yes,Female,עברית,Chrome,Windows,1080,1920,1.6955333333333333,,,,,,,,,,,,,,,,,,,,,,,,,,,,,,,,,,,,,,,,,,,,,,,,,,,,,,,,,,,,,,,,,,,,,,,,,,,,,,,,,color,age,עגבניה,food,חום,,,,,,,רקוב,,,,,,,0.95,8.0
7,[],22,Yes,Female,עברית,Chrome,Windows,1080,1920,1.6955333333333333,,,,,,,,,,,,,,,,,,,,,,,,,,,,,,,,,,,,,,,,,,,,,,,,,,,,,,,,,,,,,,,,,,,,,,,,,,,,,,,,,age,color,טלוויזיה,furniture,טרי,,,,,,,חום,,,,,,,0.05,9.0
8,[],22,Yes,Female,עברית,Chrome,Windows,1080,1920,1.6955333333333333,,,,,,,,,,,,,,,,,,,,,,,,,,,,,,,,,,,,,,,,,,,,,,,,,,,,,,,,,,,,,,,,,,,,,,,,,,,,,,,,,shape,size,בננה,food,מרובע,,,,,,,קטן,,,,,,,0.09,10.0
9,[],22,Yes,Female,עברית,Chrome,Windows,1080,1920,1.6955333333333333,,,,,,,,,,,,,,,,,,,,,,,,,,,,,,,,,,,,,,,,,,,,,,,,,,,,,,,,,,,,,,,,,,,,,,,,,,,,,,,,,texture,color,תפוח,food,חלק,,,,,,,אדום,,,,,,,0.08,11.0
10,[],22,Yes,Female,עברית,Chrome,Windows,1080,1920,1.6955333333333333,,,,,,,,,,,,,,,,,,,,,,,,,,,,,,,,,,,,,,,,,,,,,,,,,,,,,,,,,,,,,,,,,,,,,,,,,,,,,,,,,size,age,כיסא,furniture,ענק,,,,,,,ישן,,,,,,,0.89,28.0
0,[],23,Yes,Female,עברית,Chrome,Linux,640,360,3.518,,,,,,,,,,,,,,,,,,,,,,,,,,,,,,,,,,,,,,,,,,,,,,,,,,,,,,,,,,,,,,,,,,,,,,,,,,,,,,,,,texture,nationality,תפוח,food,חלק,,,,,,,ספרדי,,,,,,,0.29,3.0
1,[],23,Yes,Female,עברית,Chrome,Linux,640,360,3.518,,,,,,,,,,,,,,,,,,,,,,,,,,,,,,,,,,,,,,,,,,,,,,,,,,,,,,,,,,,,,,,,,,,,,,,,,,,,,,,,,nationality,size,גזר,food,צרפתי,,,,,,,קטן,,,,,,,0.72,4.0
2,[],23,Yes,Female,עברית,Chrome,Linux,640,360,3.518,,,,,,,,,,,,,,,,,,,,,,,,,,,,,,,,,,,,,,,,,,,,,,,,,,,,,,,,,,,,,,,,,,,,,,,,,,,,,,,,,,,,,,,,,,,,,,,,,,,,
3,[],23,Yes,Female,עברית,Chrome,Linux,640,360,3.518,,,,,,,,,,,,,,,,,,,,,,,,,,,,,,,,,,,,,,,,,,,,,,,,,,,,,,,,,,,,,,,,,,,,,,,,,,,,,,,,,nationality,size,תפוח,food,צרפתי,,,,,,,גדול,,,,,,,0.73,5.0
4,[],23,Yes,Female,עברית,Chrome,Linux,640,360,3.518,,,,,,,,,,,,,,,,,,,,,,,,,,,,,,,,,,,,,,,,,,,,,,,,,,,,,,,,,,,,,,,,,,,,,,,,,,,,,,,,,quality,nationality,כיסא,furniture,גרוע,,,,,,,צרפתי,,,,,,,0.15,6.0
5,[],23,Yes,Female,עברית,Chrome,Linux,640,360,3.518,,,,,,,,,,,,,,,,,,,,,,,,,,,,,,,,,,,,,,,,,,,,,,,,,,,,,,,,,,,,,,,,,,,,,,,,,,,,,,,,,size,color,גבינה,food,קצר,,,,,,,צהוב,,,,,,,0.09,7.0
6,[],23,Yes,Female,עברית,Chrome,Linux,640,360,3.518,,,,,,,,,,,,,,,,,,,,,,,,,,,,,,,,,,,,,,,,,,,,,,,,,,,,,,,,,,,,,,,,,,,,,,,,,,,,,,,,,size,color,תפוח,food,קטן,,,,,,,כחול,,,,,,,0.15,8.0
7,[],23,Yes,Female,עברית,Chrome,Linux,640,360,3.518,,,,,,,,,,,,,,,,,,,,,,,,,,,,,,,,,,,,,,,,,,,,,,,,,,,,,,,,,,,,,,,,,,,,,,,,,,,,,,,,,nationality,color,תפוח,food,צרפתי,,,,,,,חום,,,,,,,0.61,9.0
8,[],23,Yes,Female,עברית,Chrome,Linux,640,360,3.518,,,,,,,,,,,,,,,,,,,,,,,,,,,,,,,,,,,,,,,,,,,,,,,,,,,,,,,,,,,,,,,,,,,,,,,,,,,,,,,,,size,shape,גזר,food,קצר,,,,,,,מרובע,,,,,,,0.1,10.0
9,[],23,Yes,Female,עברית,Chrome,Linux,640,360,3.518,,,,,,,,,,,,,,,,,,,,,,,,,,,,,,,,,,,,,,,,,,,,,,,,,,,,,,,,,,,,,,,,,,,,,,,,,,,,,,,,,size,texture,גבינה,food,ארוך,,,,,,,רך,,,,,,,0.15,11.0
10,[],23,Yes,Female,עברית,Chrome,Linux,640,360,3.518,,,,,,,,,,,,,,,,,,,,,,,,,,,,,,,,,,,,,,,,,,,,,,,,,,,,,,,,,,,,,,,,,,,,,,,,,,,,,,,,,nationality,color,טלוויזיה,furniture,צרפתי,,,,,,,סגול,,,,,,,0.8,28.0
0,[],21,Yes,Male,עברית,Chrome,Windows,720,1280,2.2106333333333335,,,,,,,,,,,,,,,,,,,,,,,,,,,,,,,,,,,,,,,,,,,,,,,,,,,,,,,,,,,,,,,,,,,,,,,,,,,,,,,,,texture,color,בננה,food,רך,,,,,,,סגול,,,,,,,0.0,3.0
1,[],21,Yes,Male,עברית,Chrome,Windows,720,1280,2.2106333333333335,,,,,,,,,,,,,,,,,,,,,,,,,,,,,,,,,,,,,,,,,,,,,,,,,,,,,,,,,,,,,,,,,,,,,,,,,,,,,,,,,quality,size,תפוח,food,גרוע,,,,,,,פצפון,,,,,,,1.0,4.0
2,[],21,Yes,Male,עברית,Chrome,Windows,720,1280,2.2106333333333335,,,,,,,,,,,,,,,,,,,,,,,,,,,,,,,,,,,,,,,,,,,,,,,,,,,,,,,,,,,,,,,,,,,,,,,,,,,,,,,,,,,,,,,,,,,,,,,,,,,,
3,[],21,Yes,Male,עברית,Chrome,Windows,720,1280,2.2106333333333335,,,,,,,,,,,,,,,,,,,,,,,,,,,,,,,,,,,,,,,,,,,,,,,,,,,,,,,,,,,,,,,,,,,,,,,,,,,,,,,,,age,size,בננה,food,ישן,,,,,,,ארוך,,,,,,,0.75,5.0
4,[],21,Yes,Male,עברית,Chrome,Windows,720,1280,2.2106333333333335,,,,,,,,,,,,,,,,,,,,,,,,,,,,,,,,,,,,,,,,,,,,,,,,,,,,,,,,,,,,,,,,,,,,,,,,,,,,,,,,,texture,nationality,טלוויזיה,furniture,חלק,,,,,,,אמריקני,,,,,,,0.22,6.0
5,[],21,Yes,Male,עברית,Chrome,Windows,720,1280,2.2106333333333335,,,,,,,,,,,,,,,,,,,,,,,,,,,,,,,,,,,,,,,,,,,,,,,,,,,,,,,,,,,,,,,,,,,,,,,,,,,,,,,,,size,quality,תפוח,food,ענק,,,,,,,גרוע,,,,,,,0.79,7.0
6,[],21,Yes,Male,עברית,Chrome,Windows,720,1280,2.2106333333333335,,,,,,,,,,,,,,,,,,,,,,,,,,,,,,,,,,,,,,,,,,,,,,,,,,,,,,,,,,,,,,,,,,,,,,,,,,,,,,,,,size,age,כיסא,furniture,גדול,,,,,,,רקוב,,,,,,,0.79,8.0
7,[],21,Yes,Male,עברית,Chrome,Windows,720,1280,2.2106333333333335,,,,,,,,,,,,,,,,,,,,,,,,,,,,,,,,,,,,,,,,,,,,,,,,,,,,,,,,,,,,,,,,,,,,,,,,,,,,,,,,,texture,age,גבינה,food,קשה,,,,,,,רקוב,,,,,,,1.0,9.0
8,[],21,Yes,Male,עברית,Chrome,Windows,720,1280,2.2106333333333335,,,,,,,,,,,,,,,,,,,,,,,,,,,,,,,,,,,,,,,,,,,,,,,,,,,,,,,,,,,,,,,,,,,,,,,,,,,,,,,,,quality,size,טלוויזיה,furniture,גרוע,,,,,,,גדול,,,,,,,1.0,10.0
9,[],21,Yes,Male,עברית,Chrome,Windows,720,1280,2.2106333333333335,,,,,,,,,,,,,,,,,,,,,,,,,,,,,,,,,,,,,,,,,,,,,,,,,,,,,,,,,,,,,,,,,,,,,,,,,,,,,,,,,size,color,עגבניה,food,קטן,,,,,,,צהוב,,,,,,,0.09,11.0
10,[],21,Yes,Male,עברית,Chrome,Windows,720,1280,2.2106333333333335,,,,,,,,,,,,,,,,,,,,,,,,,,,,,,,,,,,,,,,,,,,,,,,,,,,,,,,,,,,,,,,,,,,,,,,,,,,,,,,,,color,texture,בננה,food,סגול,,,,,,,חלק,,,,,,,0.99,28.0
0,[],30,Yes,Female,עברית,Chrome,Windows,768,1366,2.9712666666666667,,,,,,,,,,,,,,,,,,,,,,,,,,,,,,,,,,,,,,,,,,,,,,,,,,,,,,,,,,,,,,,,,,,,,,,,,,,,,,,,,texture,color,מאוורר,furniture,רך,,,,,,,אדום,,,,,,,0.0,3.0
1,[],30,Yes,Female,עברית,Chrome,Windows,768,1366,2.9712666666666667,,,,,,,,,,,,,,,,,,,,,,,,,,,,,,,,,,,,,,,,,,,,,,,,,,,,,,,,,,,,,,,,,,,,,,,,,,,,,,,,,nationality,size,מאוורר,furniture,אמריקני,,,,,,,ענק,,,,,,,0.99,4.0
2,[],30,Yes,Female,עברית,Chrome,Windows,768,1366,2.9712666666666667,,,,,,,,,,,,,,,,,,,,,,,,,,,,,,,,,,,,,,,,,,,,,,,,,,,,,,,,,,,,,,,,,,,,,,,,,,,,,,,,,,,,,,,,,,,,,,,,,,,,
3,[],30,Yes,Female,עברית,Chrome,Windows,768,1366,2.9712666666666667,,,,,,,,,,,,,,,,,,,,,,,,,,,,,,,,,,,,,,,,,,,,,,,,,,,,,,,,,,,,,,,,,,,,,,,,,,,,,,,,,color,texture,בננה,food,סגול,,,,,,,קשה,,,,,,,0.98,5.0
4,[],30,Yes,Female,עברית,Chrome,Windows,768,1366,2.9712666666666667,,,,,,,,,,,,,,,,,,,,,,,,,,,,,,,,,,,,,,,,,,,,,,,,,,,,,,,,,,,,,,,,,,,,,,,,,,,,,,,,,color,size,מאוורר,furniture,צהוב,,,,,,,ענק,,,,,,,0.97,6.0
5,[],30,Yes,Female,עברית,Chrome,Windows,768,1366,2.9712666666666667,,,,,,,,,,,,,,,,,,,,,,,,,,,,,,,,,,,,,,,,,,,,,,,,,,,,,,,,,,,,,,,,,,,,,,,,,,,,,,,,,size,nationality,מאוורר,furniture,ענק,,,,,,,ספרדי,,,,,,,0.02,7.0
6,[],30,Yes,Female,עברית,Chrome,Windows,768,1366,2.9712666666666667,,,,,,,,,,,,,,,,,,,,,,,,,,,,,,,,,,,,,,,,,,,,,,,,,,,,,,,,,,,,,,,,,,,,,,,,,,,,,,,,,size,age,טלוויזיה,furniture,גדול,,,,,,,ישן,,,,,,,0.95,8.0
7,[],30,Yes,Female,עברית,Chrome,Windows,768,1366,2.9712666666666667,,,,,,,,,,,,,,,,,,,,,,,,,,,,,,,,,,,,,,,,,,,,,,,,,,,,,,,,,,,,,,,,,,,,,,,,,,,,,,,,,age,color,עגבניה,food,טרי,,,,,,,כחול,,,,,,,0.02,9.0
8,[],30,Yes,Female,עברית,Chrome,Windows,768,1366,2.9712666666666667,,,,,,,,,,,,,,,,,,,,,,,,,,,,,,,,,,,,,,,,,,,,,,,,,,,,,,,,,,,,,,,,,,,,,,,,,,,,,,,,,age,color,מאוורר,furniture,טרי,,,,,,,ירוק,,,,,,,0.04,10.0
9,[],30,Yes,Female,עברית,Chrome,Windows,768,1366,2.9712666666666667,,,,,,,,,,,,,,,,,,,,,,,,,,,,,,,,,,,,,,,,,,,,,,,,,,,,,,,,,,,,,,,,,,,,,,,,,,,,,,,,,shape,size,ספה,furniture,עגול,,,,,,,קצר,,,,,,,0.98,11.0
10,[],30,Yes,Female,עברית,Chrome,Windows,768,1366,2.9712666666666667,,,,,,,,,,,,,,,,,,,,,,,,,,,,,,,,,,,,,,,,,,,,,,,,,,,,,,,,,,,,,,,,,,,,,,,,,,,,,,,,,color,nationality,עגבניה,food,אדום,,,,,,,צרפתי,,,,,,,0.05,28.0
0,[],24,Yes,Female,עברית,Chrome,Windows,1080,1920,4.4405,,,,,,,,,,,,,,,,,,,,,,,,,,,,,,,,,,,,,,,,,,,,,,,,,,,,,,,,,,,,,,,,,,,,,,,,,,,,,,,,,texture,size,עגבניה,food,קשה,,,,,,,קצר,,,,,,,0.75,3.0
1,[],24,Yes,Female,עברית,Chrome,Windows,1080,1920,4.4405,,,,,,,,,,,,,,,,,,,,,,,,,,,,,,,,,,,,,,,,,,,,,,,,,,,,,,,,,,,,,,,,,,,,,,,,,,,,,,,,,texture,shape,כיסא,furniture,קשה,,,,,,,עגול,,,,,,,0.78,4.0
2,[],24,Yes,Female,עברית,Chrome,Windows,1080,1920,4.4405,,,,,,,,,,,,,,,,,,,,,,,,,,,,,,,,,,,,,,,,,,,,,,,,,,,,,,,,,,,,,,,,,,,,,,,,,,,,,,,,,,,,,,,,,,,,,,,,,,,,
3,[],24,Yes,Female,עברית,Chrome,Windows,1080,1920,4.4405,,,,,,,,,,,,,,,,,,,,,,,,,,,,,,,,,,,,,,,,,,,,,,,,,,,,,,,,,,,,,,,,,,,,,,,,,,,,,,,,,color,age,תפוח,food,חום,,,,,,,טרי,,,,,,,1.0,5.0
4,[],24,Yes,Female,עברית,Chrome,Windows,1080,1920,4.4405,,,,,,,,,,,,,,,,,,,,,,,,,,,,,,,,,,,,,,,,,,,,,,,,,,,,,,,,,,,,,,,,,,,,,,,,,,,,,,,,,shape,age,כיסא,furniture,מרובע,,,,,,,טרי,,,,,,,1.0,6.0
5,[],24,Yes,Female,עברית,Chrome,Windows,1080,1920,4.4405,,,,,,,,,,,,,,,,,,,,,,,,,,,,,,,,,,,,,,,,,,,,,,,,,,,,,,,,,,,,,,,,,,,,,,,,,,,,,,,,,size,shape,ספה,furniture,ענק,,,,,,,מרובע,,,,,,,0.0,7.0
6,[],24,Yes,Female,עברית,Chrome,Windows,1080,1920,4.4405,,,,,,,,,,,,,,,,,,,,,,,,,,,,,,,,,,,,,,,,,,,,,,,,,,,,,,,,,,,,,,,,,,,,,,,,,,,,,,,,,texture,nationality,גבינה,food,קשה,,,,,,,צרפתי,,,,,,,0.0,8.0
7,[],24,Yes,Female,עברית,Chrome,Windows,1080,1920,4.4405,,,,,,,,,,,,,,,,,,,,,,,,,,,,,,,,,,,,,,,,,,,,,,,,,,,,,,,,,,,,,,,,,,,,,,,,,,,,,,,,,quality,color,עגבניה,food,טוב,,,,,,,סגול,,,,,,,0.0,9.0
8,[],24,Yes,Female,עברית,Chrome,Windows,1080,1920,4.4405,,,,,,,,,,,,,,,,,,,,,,,,,,,,,,,,,,,,,,,,,,,,,,,,,,,,,,,,,,,,,,,,,,,,,,,,,,,,,,,,,nationality,shape,גזר,food,ספרדי,,,,,,,עגול,,,,,,,1.0,10.0
9,[],24,Yes,Female,עברית,Chrome,Windows,1080,1920,4.4405,,,,,,,,,,,,,,,,,,,,,,,,,,,,,,,,,,,,,,,,,,,,,,,,,,,,,,,,,,,,,,,,,,,,,,,,,,,,,,,,,size,nationality,בננה,food,גדול,,,,,,,צרפתי,,,,,,,0.0,11.0
10,[],24,Yes,Female,עברית,Chrome,Windows,1080,1920,4.4405,,,,,,,,,,,,,,,,,,,,,,,,,,,,,,,,,,,,,,,,,,,,,,,,,,,,,,,,,,,,,,,,,,,,,,,,,,,,,,,,,age,shape,שולחן,furniture,רקוב,,,,,,,מרובע,,,,,,,0.34,28.0
0,[],24,Yes,Female,עברית,Firefox,Windows,900,1440,2.4495,,,,,,,,,,,,,,,,,,,,,,,,,,,,,,,,,,,,,,,,,,,,,,,,,,,,,,,,,,,,,,,,,,,,,,,,,,,,,,,,,nationality,quality,תפוח,food,ספרדי,,,,,,,טוב,,,,,,,0.85,3.0
1,[],24,Yes,Female,עברית,Firefox,Windows,900,1440,2.4495,,,,,,,,,,,,,,,,,,,,,,,,,,,,,,,,,,,,,,,,,,,,,,,,,,,,,,,,,,,,,,,,,,,,,,,,,,,,,,,,,color,age,תפוח,food,כחול,,,,,,,טרי,,,,,,,0.85,4.0
2,[],24,Yes,Female,עברית,Firefox,Windows,900,1440,2.4495,,,,,,,,,,,,,,,,,,,,,,,,,,,,,,,,,,,,,,,,,,,,,,,,,,,,,,,,,,,,,,,,,,,,,,,,,,,,,,,,,,,,,,,,,,,,,,,,,,,,
3,[],24,Yes,Female,עברית,Firefox,Windows,900,1440,2.4495,,,,,,,,,,,,,,,,,,,,,,,,,,,,,,,,,,,,,,,,,,,,,,,,,,,,,,,,,,,,,,,,,,,,,,,,,,,,,,,,,color,size,גזר,food,סגול,,,,,,,קטן,,,,,,,0.83,5.0
4,[],24,Yes,Female,עברית,Firefox,Windows,900,1440,2.4495,,,,,,,,,,,,,,,,,,,,,,,,,,,,,,,,,,,,,,,,,,,,,,,,,,,,,,,,,,,,,,,,,,,,,,,,,,,,,,,,,nationality,shape,טלוויזיה,furniture,אמריקני,,,,,,,מרובע,,,,,,,0.9,6.0
5,[],24,Yes,Female,עברית,Firefox,Windows,900,1440,2.4495,,,,,,,,,,,,,,,,,,,,,,,,,,,,,,,,,,,,,,,,,,,,,,,,,,,,,,,,,,,,,,,,,,,,,,,,,,,,,,,,,nationality,shape,כיסא,furniture,אמריקני,,,,,,,עגול,,,,,,,0.92,7.0
6,[],24,Yes,Female,עברית,Firefox,Windows,900,1440,2.4495,,,,,,,,,,,,,,,,,,,,,,,,,,,,,,,,,,,,,,,,,,,,,,,,,,,,,,,,,,,,,,,,,,,,,,,,,,,,,,,,,size,quality,גבינה,food,קצר,,,,,,,טוב,,,,,,,0.89,8.0
7,[],24,Yes,Female,עברית,Firefox,Windows,900,1440,2.4495,,,,,,,,,,,,,,,,,,,,,,,,,,,,,,,,,,,,,,,,,,,,,,,,,,,,,,,,,,,,,,,,,,,,,,,,,,,,,,,,,age,texture,כיסא,furniture,רקוב,,,,,,,רך,,,,,,,0.07,9.0
8,[],24,Yes,Female,עברית,Firefox,Windows,900,1440,2.4495,,,,,,,,,,,,,,,,,,,,,,,,,,,,,,,,,,,,,,,,,,,,,,,,,,,,,,,,,,,,,,,,,,,,,,,,,,,,,,,,,age,shape,גזר,food,חדש,,,,,,,מרובע,,,,,,,0.07,10.0
9,[],24,Yes,Female,עברית,Firefox,Windows,900,1440,2.4495,,,,,,,,,,,,,,,,,,,,,,,,,,,,,,,,,,,,,,,,,,,,,,,,,,,,,,,,,,,,,,,,,,,,,,,,,,,,,,,,,color,shape,בננה,food,חום,,,,,,,מרובע,,,,,,,0.88,11.0
10,[],24,Yes,Female,עברית,Firefox,Windows,900,1440,2.4495,,,,,,,,,,,,,,,,,,,,,,,,,,,,,,,,,,,,,,,,,,,,,,,,,,,,,,,,,,,,,,,,,,,,,,,,,,,,,,,,,age,shape,עגבניה,food,רקוב,,,,,,,עגול,,,,,,,0.26,28.0
0,[],25,Yes,Male,עברית,Chrome,Windows,864,1536,4.439883333333333,,,,,,,,,,,,,,,,,,,,,,,,,,,,,,,,,,,,,,,,,,,,,,,,,,,,,,,,,,,,,,,,,,,,,,,,,,,,,,,,,color,size,ספה,furniture,סגול,,,,,,,קצר,,,,,,,0.27,3.0
1,[],25,Yes,Male,עברית,Chrome,Windows,864,1536,4.439883333333333,,,,,,,,,,,,,,,,,,,,,,,,,,,,,,,,,,,,,,,,,,,,,,,,,,,,,,,,,,,,,,,,,,,,,,,,,,,,,,,,,texture,color,טלוויזיה,furniture,קשה,,,,,,,צהוב,,,,,,,0.31,4.0
2,[],25,Yes,Male,עברית,Chrome,Windows,864,1536,4.439883333333333,,,,,,,,,,,,,,,,,,,,,,,,,,,,,,,,,,,,,,,,,,,,,,,,,,,,,,,,,,,,,,,,,,,,,,,,,,,,,,,,,,,,,,,,,,,,,,,,,,,,
3,[],25,Yes,Male,עברית,Chrome,Windows,864,1536,4.439883333333333,,,,,,,,,,,,,,,,,,,,,,,,,,,,,,,,,,,,,,,,,,,,,,,,,,,,,,,,,,,,,,,,,,,,,,,,,,,,,,,,,age,nationality,טלוויזיה,furniture,טרי,,,,,,,ספרדי,,,,,,,0.22,5.0
4,[],25,Yes,Male,עברית,Chrome,Windows,864,1536,4.439883333333333,,,,,,,,,,,,,,,,,,,,,,,,,,,,,,,,,,,,,,,,,,,,,,,,,,,,,,,,,,,,,,,,,,,,,,,,,,,,,,,,,age,size,עגבניה,food,חדש,,,,,,,קטן,,,,,,,0.23,6.0
5,[],25,Yes,Male,עברית,Chrome,Windows,864,1536,4.439883333333333,,,,,,,,,,,,,,,,,,,,,,,,,,,,,,,,,,,,,,,,,,,,,,,,,,,,,,,,,,,,,,,,,,,,,,,,,,,,,,,,,quality,color,תפוח,food,גרוע,,,,,,,אדום,,,,,,,0.19,7.0
6,[],25,Yes,Male,עברית,Chrome,Windows,864,1536,4.439883333333333,,,,,,,,,,,,,,,,,,,,,,,,,,,,,,,,,,,,,,,,,,,,,,,,,,,,,,,,,,,,,,,,,,,,,,,,,,,,,,,,,age,size,שולחן,furniture,ישן,,,,,,,קטן,,,,,,,0.22,8.0
7,[],25,Yes,Male,עברית,Chrome,Windows,864,1536,4.439883333333333,,,,,,,,,,,,,,,,,,,,,,,,,,,,,,,,,,,,,,,,,,,,,,,,,,,,,,,,,,,,,,,,,,,,,,,,,,,,,,,,,age,size,שולחן,furniture,ישן,,,,,,,ארוך,,,,,,,0.18,9.0
8,[],25,Yes,Male,עברית,Chrome,Windows,864,1536,4.439883333333333,,,,,,,,,,,,,,,,,,,,,,,,,,,,,,,,,,,,,,,,,,,,,,,,,,,,,,,,,,,,,,,,,,,,,,,,,,,,,,,,,quality,color,מאוורר,furniture,טוב,,,,,,,אדום,,,,,,,0.24,10.0
9,[],25,Yes,Male,עברית,Chrome,Windows,864,1536,4.439883333333333,,,,,,,,,,,,,,,,,,,,,,,,,,,,,,,,,,,,,,,,,,,,,,,,,,,,,,,,,,,,,,,,,,,,,,,,,,,,,,,,,color,size,ספה,furniture,חום,,,,,,,פצפון,,,,,,,0.87,11.0
10,[],25,Yes,Male,עברית,Chrome,Windows,864,1536,4.439883333333333,,,,,,,,,,,,,,,,,,,,,,,,,,,,,,,,,,,,,,,,,,,,,,,,,,,,,,,,,,,,,,,,,,,,,,,,,,,,,,,,,texture,quality,כיסא,furniture,חלק,,,,,,,טוב,,,,,,,0.48,28.0
0,[],24,Yes,Female,עברית,Chrome,Windows,720,1280,467.50876666666665,,,,,,,,,,,,,,,,,,,,,,,,,,,,,,,,,,,,,,,,,,,,,,,,,,,,,,,,,,,,,,,,,,,,,,,,,,,,,,,,,size,age,שולחן,furniture,גדול,,,,,,,רקוב,,,,,,,0.0,3.0
1,[],24,Yes,Female,עברית,Chrome,Windows,720,1280,467.50876666666665,,,,,,,,,,,,,,,,,,,,,,,,,,,,,,,,,,,,,,,,,,,,,,,,,,,,,,,,,,,,,,,,,,,,,,,,,,,,,,,,,nationality,texture,עגבניה,food,אמריקני,,,,,,,חלק,,,,,,,1.0,4.0
2,[],24,Yes,Female,עברית,Chrome,Windows,720,1280,467.50876666666665,,,,,,,,,,,,,,,,,,,,,,,,,,,,,,,,,,,,,,,,,,,,,,,,,,,,,,,,,,,,,,,,,,,,,,,,,,,,,,,,,,,,,,,,,,,,,,,,,,,,
3,[],24,Yes,Female,עברית,Chrome,Windows,720,1280,467.50876666666665,,,,,,,,,,,,,,,,,,,,,,,,,,,,,,,,,,,,,,,,,,,,,,,,,,,,,,,,,,,,,,,,,,,,,,,,,,,,,,,,,texture,color,גזר,food,רך,,,,,,,אדום,,,,,,,0.02,5.0
4,[],24,Yes,Female,עברית,Chrome,Windows,720,1280,467.50876666666665,,,,,,,,,,,,,,,,,,,,,,,,,,,,,,,,,,,,,,,,,,,,,,,,,,,,,,,,,,,,,,,,,,,,,,,,,,,,,,,,,nationality,color,טלוויזיה,furniture,צרפתי,,,,,,,סגול,,,,,,,1.0,6.0
5,[],24,Yes,Female,עברית,Chrome,Windows,720,1280,467.50876666666665,,,,,,,,,,,,,,,,,,,,,,,,,,,,,,,,,,,,,,,,,,,,,,,,,,,,,,,,,,,,,,,,,,,,,,,,,,,,,,,,,size,color,מאוורר,furniture,קטן,,,,,,,סגול,,,,,,,0.0,7.0
6,[],24,Yes,Female,עברית,Chrome,Windows,720,1280,467.50876666666665,,,,,,,,,,,,,,,,,,,,,,,,,,,,,,,,,,,,,,,,,,,,,,,,,,,,,,,,,,,,,,,,,,,,,,,,,,,,,,,,,quality,size,גבינה,food,טוב,,,,,,,קצר,,,,,,,1.0,8.0
7,[],24,Yes,Female,עברית,Chrome,Windows,720,1280,467.50876666666665,,,,,,,,,,,,,,,,,,,,,,,,,,,,,,,,,,,,,,,,,,,,,,,,,,,,,,,,,,,,,,,,,,,,,,,,,,,,,,,,,texture,nationality,גזר,food,קשה,,,,,,,צרפתי,,,,,,,0.0,9.0
8,[],24,Yes,Female,עברית,Chrome,Windows,720,1280,467.50876666666665,,,,,,,,,,,,,,,,,,,,,,,,,,,,,,,,,,,,,,,,,,,,,,,,,,,,,,,,,,,,,,,,,,,,,,,,,,,,,,,,,size,quality,מאוורר,furniture,פצפון,,,,,,,גרוע,,,,,,,1.0,10.0
9,[],24,Yes,Female,עברית,Chrome,Windows,720,1280,467.50876666666665,,,,,,,,,,,,,,,,,,,,,,,,,,,,,,,,,,,,,,,,,,,,,,,,,,,,,,,,,,,,,,,,,,,,,,,,,,,,,,,,,texture,color,ספה,furniture,חלק,,,,,,,סגול,,,,,,,0.0,11.0
10,[],24,Yes,Female,עברית,Chrome,Windows,720,1280,467.50876666666665,,,,,,,,,,,,,,,,,,,,,,,,,,,,,,,,,,,,,,,,,,,,,,,,,,,,,,,,,,,,,,,,,,,,,,,,,,,,,,,,,age,size,מאוורר,furniture,טרי,,,,,,,פצפון,,,,,,,1.0,28.0
